fiscal_period,fiscal_year,fiscal_quarter,period_end,cost_of_sales,dividend_per_share,eps,eps_adjusted,eps_adjusted_diluted,eps_basic,eps_diluted,free_cash_flow,gross_margin,gross_margin_adjusted,gross_margin_adjusted_margin,gross_margin_gaap,gross_margin_margin,net_income,net_income_basic,net_income_diluted,net_income_growth,net_income_pct_of_revenue,operating_cash_flow,operating_cash_flow_adjusted,operating_margin_adjusted_rate,operating_margin_rate,operating_profit,operating_profit_adjusted,operating_profit_gaap,operating_profit_margin,operating_profit_pct_of_revenue,profit_before_tax,profit_before_tax_adjusted,rd_expense,revenue,revenue_adjusted,revenue_growth,share_count_basic,share_count_diluted
FY2014Q1,2014,1,2014-02-01,219.12,0.34,,,,0.49,0.48,,409.118,,,,65.1,152.586,,,-24.73,24.3,157.473,,,,179.609,,,28.6,28.6,175891.0,,128591.0,628.238,,,312286.0,312286.0
FY2014Q2,2014,2,2014-05-03,235.793,0.37,,,,0.6,0.59,,458.743,458.743,,458.743,66.1,187.433,,,,27.0,238.358,,,,220400.0,220.4,220.4,,31.7,217368.0,,136203.0,694.536,,,313488.0,313488.0
FY2014Q3,2014,3,2014-08-02,251462.0,0.37,,,,0.57,0.57,,476290.0,,,,,205992.0,,,,24.8,,,,,202546.0,,,,27.8,197388.0,,140095.0,727752.0,,,314190.0,314190.0
FY2014Q4,2014,4,2014-11-01,328.21,0.37,,,,0.35,0.34,,486.037,,,,59.7,108.695,,,138.166,,262.263,,,,149.929,,,18.4,,,,,814.247,,,,
FY2015Q1,2015,1,2015-01-31,268.379,0.37,,,,0.57,0.57,,503.607,506.693,,503.607,65.2,178.757,,,-83.18,23.2,168.653,,,,207.934,242.373,207.934,26.9,26.9,200770.0,,151706.0,771.986,,,311274.0,311274.0
FY2015Q2,2015,2,2015-05-02,276.197,0.4,,,,0.66,0.65,,544.822,546.342,,544.822,66.4,205.338,,,,25.0,344.031,,,,249.008,276.783,249.008,30.3,30.3,245189.0,,154233.0,821.019,,,312660.0,312660.0
FY2015Q3,2015,3,2015-08-01,294.328,0.4,0.77,,,0.69,0.68,,569.037,,,,65.9,216.478,,,,25.1,197.139,,,,295.205,,,30.7,30.7,259478.0,,160784.0,863.365,,,313877.0,313877.0
FY2015Q4,2015,4,2015-10-31,336.926,0.4,,,,0.31,0.3,,641.796,,,,65.6,96.305,,,,,197.975,,,,108.63,,,11.1,,,,,978.722,,,,
FY2016Q1,2016,1,2016-01-30,292.136,0.4,0.52,,,0.53,0.52,,477.293,,,,62.0,164.504,,,-7.295,21.4,219.705,,,,213.947,,,25.3,25.3,182177.0,,157428.0,769.429,,,311166.0,311166.0
FY2016Q2,2016,2,2016-04-30,267.863,0.42,0.55,,,0.55,0.55,,510.903,,,,65.6,58695.0,0.16,0.16,,21.9,320.203,,,,240.056,,,26.6,26.6,194910.0,,160235.0,778.766,,1.0,308790.0,308790.0
FY2016Q3,2016,3,2016-07-30,297.301,0.42,0.74,,,0.75,0.74,,572.29,,,,65.8,64315.0,0.18,0.17,,26.5,254.003,,,,296.487,,,30.9,30.9,256400.0,,163227.0,869.591,0.0319,,307135.0,307135.0
FY2016Q4,2016,4,2016-10-29,336.926,0.42,0.95,,,0.96,0.95,,666.687,,,,66.4,296.157,,,115.945,48.5,486.984,,,,382.23,,,35.6,,,,,1003.623,,,,
FY2017Q1,2017,1,2017-01-28,335.945,0.42,0.69,,,0.7,0.69,,648.504,,,,65.9,233398.0,0.64,0.63,28.594,22.1,322.594,,,,344.152,,,27.0,27.0,233309.0,,183954.0,984.449,,-2.0,308786.0,308786.0
FY2017Q2,2017,2,2017-04-29,507.539,0.45,0.27,,,0.27,0.27,,640.443,,,,55.8,119134.0,0.33,0.32,,8.2,521.464,,,,457.673,,,,12.7,86714.0,,235232.0,1147.982,0.0314,17.0,341316.0,341316.0
FY2017Q3,2017,3,2017-07-29,667.278,0.45,0.18,,,367315.0,0.18,,766.624,,,,53.5,279608.0,0.76,0.75,,4.8,,,,,590.906,,,13.6,13.6,126798.0,,275670.0,1433.902,0.03,20.7,367315.0,367315.0
FY2017Q4,2017,4,2017-10-28,535.145,0.45,,,,368043.0,372053.0,,1006.025,,,,65.3,347.65,,,,,707.352,,,,657.028,,,29.1,,,,,1541.17,,,,
FY2018Q1,2018,1,2018-02-03,483.434,0.45,,,1.49,369093.0,0.71,,1035.19,1115.459,71.2,,68.2,268.172,,,529.922,17.7,388.688,,42.7,28.2,442.0,669.649,,26.7,26.7,375.347,603.155,288.597,1518.624,,,369093.0,369093.0
FY2018Q2,2018,2,2018-05-05,479.241,-178282.0,-0.01,,1.5,370384.0,1.01,664.594,1033.812,1117.133,,,68.3,379.831,,,104.404,25.1,718.494,,,,503.0,675.453,,30.7,30.7,440.125,0.0078,289.472,1513.053,,-0.4,370384.0,370384.0
FY2018Q3,2018,3,2018-08-04,502.033,-178890.0,,,,371315.0,1.08,568.988,1070.646,,,,68.1,414.464,,,,26.2,620.738,,,,499.039,,,31.7,31.7,430.506,,291.642,1558.189,,,371315.0,371315.0
FY2018Q4,2018,4,2018-08-18,502.932,0.48,1.53,,,371074.0,375116.0,628.437,1045.543,1089.439,,,68.1,404.855,,,75.284,46.5,714.441,,,,499.039,,,32.2,,,,,1536.128,,3.9,,
FY2019Q1,2019,1,2019-02-02,501.445,-177716.0,,,1.33,368703.0,0.95,280.774,1040.0,1083.151,70.3,,67.5,355006.0,,,-246.929,23.0,372.0,,41.2,29.6,456.0,634.935,,,29.6,399.946,579.055,18925.0,1541.0,,,368703.0,368703.0
FY2019Q2,2019,2,2019-05-04,492.51,-199501.0,,,1.36,369246.0,0.98,595.673,1034.0,1077.347,,,,367937.0,,,87.1,24.1,670.882,,,,470.0,633.936,,,30.8,408.397,,19567.0,1527.0,,,369246.0,369246.0
FY2019Q3,2019,3,2019-08-03,482.332,-200068.0,,,,,0.97,494.452,997.811,,,,,362374.0,,,,24.5,552.546,,,,446726.0,,,,30.2,389.558,,18802.0,1480.143,,,369533.0,369533.0
FY2019Q4,2019,4,2019-11-02,,,,,,,,606.829,942.191,987.013,,,65.3,277.694,,,149.27,45.6,657.905,,,,,,,,,,,,1443.219,,,,
FY2020Q1,2020,1,2020-02-01,455.423,-199160.0,,,,,0.55,294.809,848.142,893.158,,,,203874.0,,,-124.009,15.6,350.0,,,,273428.0,,,,21.0,226.217,,17605.0,1303.565,,,368241.0,368241.0
FY2020Q2,2020,2,2020-05-02,470.386,-228600.0,,,1.08,,0.72,368.88,847.0,891.069,67.7,,64.3,471.57,,,-57.928,20.3,429.041,,38.0,26.1,344.0,500.792,,,26.1,295.061,451.833,18400.0,1317.0,,,368217.0,368217.0
FY2020Q3,2020,3,2020-08-01,483.558,-228798.0,,,1.36,,0.97,368.88,973.0,1017.8,69.9,,66.8,834.235,,,-40.95,24.9,557.2,,42.3,28.8,419.0,615.757,,,28.8,373.029,569.662,19158.0,1456.0,,,368791.0,368791.0
FY2020Q4,2020,4,2020-10-31,503.211,,,,1.44,369284.0,1.04,536.396,1023.0,1067.825,70.0,,67.0,386.526,,,118.702,44.1,673.0,,41.7,30.2,462.0,636.403,,,,417.31,,280.239,1526.0,,,,
FY2021Q1,2021,1,2021-01-30,513.087,-229179.0,0.92,,1.44,,1.04,360.553,1045.0,1090.368,70.0,,67.1,298895.0,0.56,0.55,-156.741,24.9,427941.0,,40.7,29.8,464.0,634.831,,,29.8,436.618,607.589,18321.0,1558.0,,,369203.0,369203.0
FY2021Q2,2021,2,2021-05-01,524.77,-254429.0,,,1.54,,1.14,677.191,1137.0,1177.348,70.9,,68.4,811.424,0.66,0.65,93.517,25.5,736.0,,41.7,31.3,520.0,693.623,,,31.3,475.985,649.918,19548.0,1661.0,,,368823.0,368823.0
FY2021Q3,2021,3,2021-07-31,537.669,-254506.0,,,1.72,,1.35,543.7,1221.0,1259.129,71.6,,69.4,1314.735,0.9,0.89,-70.422,28.6,630.0,,43.6,34.7,610.0,766.413,,,34.7,572.278,729.045,19806.0,1759.0,,,368476.0,368476.0
FY2021Q4,2021,4,2021-10-31,1217.748,,,,1.73,483345.0,0.16,642.71,1121.82,1659.604,70.9,,47.9,75.687,,,40.154,40.2,672.598,,43.1,4.2,99.0,1008.874,,,,-156.167,,399.121,1526.295,,,,
FY2022Q1,2022,1,2022-01-29,1282.296,-362645.0,,,1.94,,0.53,745.28,1402.0,1930.611,71.9,,52.2,280077.0,,,-315.41,10.4,856.0,,45.8,13.6,365.0,1228.19,,,13.6,323.555,1184.689,426.78,2684.0,,,525291.0,525291.0
FY2022Q2,2022,2,2022-04-30,1027.544,-397544.0,,,2.4,,1.49,1103.027,1945.0,2205.268,74.2,,65.4,783273.0,,,-84.054,26.4,1222.0,,50.3,30.9,918.0,1495.024,,,30.9,879.245,1453.82,420.901,2972.0,,,522370.0,522370.0
FY2022Q3,2022,3,2022-07-30,1066.738,-394018.0,,,2.52,,1.44,1082.962,2043.0,2303.77,74.1,,65.7,748985.0,,,-183.35,24.1,1247.846,,50.1,28.7,893.0,1557.2,,,28.7,847.937,1509.543,431.829,3110.0,,,517011.0,517011.0
FY2022Q4,2022,4,2022-10-29,1104.901,,,,2.73,512231.0,1.82,844.824,2142.815,2402.511,74.0,,66.0,936.226,,,300.852,35.0,1149.0,,51.1,33.9,1102.0,1658.763,,,,1048.012,1602.011,421.008,3247.716,,,,
FY2023Q1,2023,1,2023-01-28,1125.289,-385452.0,,2.75,2.75,,1.88,1230.147,2124.0,2391.855,73.6,,65.4,961474.0,,,-81.086,29.6,1406.0,,51.1,34.8,1131.0,1658.956,,,34.8,1073.473,1599.321,414.095,3250.0,,,507121.0,507121.0
FY2023Q2,2023,2,2023-04-29,1118.384,-435213.0,,,,,1.92,797.243,2144.546,2403.858,73.7,,65.7,977656.0,,,-406.253,30.0,1081.581,,51.2,34.6,1128384.0,1670.793,,,34.6,1087.923,1623.177,415.754,3262.93,,,504715.0,504715.0
FY2023Q3,2023,3,2023-07-29,1114.88,-430456.0,,,2.49,,1.74,817.88,1962.0,2222.172,72.2,,63.8,877019.0,,,-270.306,28.5,1142.0,,47.8,30.2,929.0,1470.145,,,30.2,874.821,1413.323,423.751,3076.0,,,500018.0,500018.0
FY2023Q4,2023,4,2023-10-28,1069.768,,,,2.01,497073.0,1.0,710.901,1646.716,1906.641,70.2,,60.6,498.43,,,112.055,44.0,1187.294,,44.7,23.4,634.0,1214.526,,,,571.786,1149.747,406.594,2716.0,,,,
FY2024Q1,2024,1,2024-02-03,1038.763,-426076.0,,,1.63,,0.78,915.854,1474.0,1733.825,69.0,,58.7,462727.0,,,178.504,18.4,1139.0,,42.0,23.3,491.0,1054.41,,,23.3,513.418,979.714,391.427,2513.0,,,495765.0,495765.0
FY2024Q2,2024,2,2024-05-04,979.004,-456142.0,,,1.4,,0.61,619.664,1180.0,1439.676,66.7,,54.7,302242.0,,,-27.57,14.0,807.853,,39.0,17.9,386.0,841.941,,,17.9,324.603,778.271,354.862,2159.0,,,496130.0,496130.0
FY2024Q3,2024,3,2024-08-03,1000.97,-456485.0,0.71,,1.58,,0.79,701.141,1311.0,1570.535,67.9,,56.7,392232.0,,,-36.801,17.0,855.0,,41.2,21.2,491.0,951.779,,,21.2,422.991,881.301,362.671,2312.0,,,496338.0,496338.0
FY2024Q4,2024,4,2024-11-02,1027.077,,,,1.67,496432.0,0.96,885.407,1416.0,1659.795,67.9,,58.0,478.072,,,80.609,43.0,1050.817,,41.1,23.3,569.0,1004.739,,,,516.328,949.525,378.903,2443.0,,,,
FY2025Q1,2025,1,2025-02-01,992.871,-456338.0,,,1.63,,0.78,977.831,1430.0,1668.135,68.8,,59.0,391316.0,,,202.569,16.1,1126809.0,,40.5,20.3,491.0,981.047,,,,435.576,923.16,402.892,2423.0,,,496116.0,496116.0
FY2025Q2,2025,2,2025-05-03,1028.458,-491022.0,,,1.85,,2.4,729.21,1612.0,1831.887,69.4,,61.0,569770.0,,,-238.816,21.6,819.0,872.0,41.2,25.7,678.0,1087.981,,,,625.928,1033.815,441.837,2640.0,,,496173.0,496173.0
FY2025Q3,2025,3,2025-08-02,1090.6,-490161.0,,,2.05,,1.04,1085.952,1790.0,1994.504,69.2,,62.1,518518.0,,,28.239,18.0,1165.0,,42.2,28.4,818.0,1215.147,,,,763.409,1158.378,454.251,2880.0,,,494390.0,494390.0
FY2025Q4,2025,4,2025-11-01,1134.3,,,,2.26,490847.0,1.6,1485.657,1941.817,2146.565,69.8,,63.1,787.739,,,489.016,55.0,1700.81,,43.5,30.7,945.0,1337.973,,,,887.2,1277.811,467.021,3076.0,,,,
FY2026Q1,2026,1,2026-01-31,1115.287,-484260.0,,,2.46,,1.69,1259.202,2045.0,2249.724,71.2,,64.7,830826.0,,,8.749,26.3,1369.0,,45.5,31.5,997.0,1437.669,,,,945.871,1384.364,467.4,3160.0,,,488874.0,488874.0
FY2026Q2,2026,2,2026-05-02,1183.667,-536459.0,,,,,2.4,,2439.798,2645.262,73.0,,67.3,1176350.0,,,-807.998,32.5,872.041,,49.0,38.1,1379.68,1773.726,,,,1324.828,1716.724,509.323,3623.465,,,487605.0,487605.0
FY2026Q3,2026,3,2026-08-01,,,2.6,,,,,,,,,,,,,,,,,,,39.0,,,,,,,,,3900.0,,,,
