company,ticker,published_at,doc_class,doc_kind,resolved_period,period_confidence,corpus_period_field,title,source_file
Hays plc,HAS,2026-08-03,GENERIC_FILING,filing,,1.0,FY 2026,Voting Rights and Capital Notification,challenge/offline-data/hays/filings/2026-08-03__has-ln-20260803-filing__1600192.md
Hays plc,HAS,2026-07-10,EARNINGS_CALL,call-pres,FY2026H2,0.5,Q4 2026,Q4 Trading Update and FY2026 Outlook,challenge/offline-data/hays/call-transcripts/2026-07-10__has-ln-20260710-call-pres__1573113.md
Hays plc,HAS,2026-07-10,EARNINGS_CALL,call-qna,FY2026H2,0.5,Q4 2026,Q4 2026 Trading Update Call,challenge/offline-data/hays/call-transcripts/2026-07-10__has-ln-20260710-call-qna__1573114.md
Hays plc,HAS,2026-07-10,GENERIC_FILING,filing,FY2026H2,0.5,Q4 2026,Fourth Quarter Trading Statement,challenge/offline-data/hays/filings/2026-07-10__has-ln-20260710-filing-2__1572799.md
Hays plc,HAS,2026-07-10,GENERIC_FILING,filing,FY2026H2,0.5,Q4 2026,Fourth Quarter Trading Statement Announcement,challenge/offline-data/hays/filings/2026-07-10__has-ln-20260710-filing-4__1572907.md
Hays plc,HAS,2026-07-10,GENERIC_FILING,filing,FY2026H2,0.5,Q4 2026,Fourth Quarter Trading Statement Announcement,challenge/offline-data/hays/filings/2026-07-10__has-ln-20260710-filing__1572791.md
Hays plc,HAS,2026-07-10,STRUCTURED_RESULT,q4-8k,FY2026H2,1.0,Q4 2026,Quarterly Trading Update,challenge/offline-data/hays/filings/2026-07-10__has-ln-20260710-q4-8k__1572805.md
Hays plc,HAS,2026-07-01,GENERIC_FILING,filing,,1.0,FY 2026,Total Voting Rights Notification,challenge/offline-data/hays/filings/2026-07-01__has-ln-20260701-filing-2__1554160.md
Hays plc,HAS,2026-07-01,GENERIC_FILING,filing,,1.0,FY 2026,Notification of Major Holdings,challenge/offline-data/hays/filings/2026-07-01__has-ln-20260701-filing-3__1554843.md
Hays plc,HAS,2026-07-01,GENERIC_FILING,filing,,1.0,Q1,Notification of Major Holdings,challenge/offline-data/hays/filings/2026-07-01__has-ln-20260701-filing-4__1554901.md
Hays plc,HAS,2026-07-01,GENERIC_FILING,filing,,1.0,Q1,Voting Rights and Capital Notification,challenge/offline-data/hays/filings/2026-07-01__has-ln-20260701-filing__1554110.md
Hays plc,HAS,2026-06-29,GENERIC_FILING,filing,,1.0,FY 2026,Transaction in Own Shares,challenge/offline-data/hays/filings/2026-06-29__has-ln-20260629-filing-2__1549804.md
Hays plc,HAS,2026-06-29,GENERIC_FILING,filing,,1.0,Q4 2026,Transaction in Own Shares and Buyback Programme Completion,challenge/offline-data/hays/filings/2026-06-29__has-ln-20260629-filing__1549803.md
Hays plc,HAS,2026-06-22,GENERIC_FILING,filing,,1.0,FY 2026,Transaction in Own Shares Log,challenge/offline-data/hays/filings/2026-06-22__has-ln-20260622-filing-2__1537054.md
Hays plc,HAS,2026-06-22,GENERIC_FILING,filing,,1.0,Q4,Correction to Change of Registered Office Announcement,challenge/offline-data/hays/filings/2026-06-22__has-ln-20260622-filing-4__1537785.md
Hays plc,HAS,2026-06-22,GENERIC_FILING,filing,,1.0,Q4,Transaction in Own Shares Announcement,challenge/offline-data/hays/filings/2026-06-22__has-ln-20260622-filing__1537053.md
Hays plc,HAS,2026-06-19,GENERIC_FILING,filing,,1.0,Q4,Change of Registered Office,challenge/offline-data/hays/filings/2026-06-19__has-ln-20260619-filing__1533892.md
Hays plc,HAS,2026-06-17,GENERIC_FILING,filing,FY2026H2,1.0,FY 2026,Reshaping of Country Portfolio and Divestiture Announcement,challenge/offline-data/hays/filings/2026-06-17__has-ln-20260617-filing__1522439.md
Hays plc,HAS,2026-06-15,GENERIC_FILING,filing,,1.0,June 2026,Daily Share Buyback Transaction Log,challenge/offline-data/hays/filings/2026-06-15__has-ln-20260615-filing-2__1483097.md
Hays plc,HAS,2026-06-15,GENERIC_FILING,filing,,1.0,FY 2026,Transaction in Own Shares,challenge/offline-data/hays/filings/2026-06-15__has-ln-20260615-filing-3__1483159.md
Hays plc,HAS,2026-06-15,GENERIC_FILING,filing,,1.0,Q4 2026,Transaction in Own Shares,challenge/offline-data/hays/filings/2026-06-15__has-ln-20260615-filing__1483099.md
Hays plc,HAS,2026-06-10,GENERIC_FILING,filing,,1.0,Q4,PDMR Shareholding Transaction Notification,challenge/offline-data/hays/filings/2026-06-10__has-ln-20260610-filing__1408625.md
Hays plc,HAS,2026-06-08,GENERIC_FILING,filing,,1.0,Q3 2026,Transaction in Own Shares,challenge/offline-data/hays/filings/2026-06-08__has-ln-20260608-filing-2__1383897.md
Hays plc,HAS,2026-06-08,GENERIC_FILING,filing,FY2026H2,1.0,Q4,Share Buyback Programme Increase,challenge/offline-data/hays/filings/2026-06-08__has-ln-20260608-filing-3__1383912.md
Hays plc,HAS,2026-06-08,GENERIC_FILING,filing,,1.0,June 2026,Transaction in Own Shares,challenge/offline-data/hays/filings/2026-06-08__has-ln-20260608-filing__1383898.md
Hays plc,HAS,2026-06-04,GENERIC_FILING,filing,,1.0,Q4,Director/PDMR Shareholding Transaction Notification,challenge/offline-data/hays/filings/2026-06-04__has-ln-20260604-filing__1144342.md
Hays plc,HAS,2026-06-01,GENERIC_FILING,filing,,1.0,FY 2026,Voting Rights and Capital Notification,challenge/offline-data/hays/filings/2026-06-01__has-ln-20260601-filing-3__1073032.md
Hays plc,HAS,2026-06-01,GENERIC_FILING,filing,,1.0,Q4,Voting Rights and Capital Notification,challenge/offline-data/hays/filings/2026-06-01__has-ln-20260601-filing-4__1073083.md
Hays plc,HAS,2026-06-01,GENERIC_FILING,filing,FY2026H2,1.0,Q4,Share Buyback Programme Announcement,challenge/offline-data/hays/filings/2026-06-01__has-ln-20260601-filing__1072134.md
Hays plc,HAS,2026-05-27,GENERIC_FILING,filing,,1.0,Q4,Notification of Major Holdings,challenge/offline-data/hays/filings/2026-05-27__has-ln-20260527-filing__1052699.md
Hays plc,HAS,2026-05-19,GENERIC_FILING,filing,FY2026Q3,1.0,Q4,Director Shareholding Transaction Notification,challenge/offline-data/hays/filings/2026-05-19__has-ln-20260519-filing__1039362.md
Hays plc,HAS,2026-05-18,GENERIC_FILING,filing,,1.0,Q4,Director/PDMR Shareholding Notification,challenge/offline-data/hays/filings/2026-05-18__has-ln-20260518-filing-2__1036321.md
Hays plc,HAS,2026-05-18,GENERIC_FILING,filing,FY2026Q3,1.0,Q4,Chief Executive Officer Appointment,challenge/offline-data/hays/filings/2026-05-18__has-ln-20260518-filing__1036200.md
Hays plc,HAS,2026-05-01,GENERIC_FILING,filing,,1.0,Q4,Total Voting Rights Notification,challenge/offline-data/hays/filings/2026-05-01__has-ln-20260501-filing-2__992046.md
Hays plc,HAS,2026-05-01,GENERIC_FILING,filing,,1.0,FY 2026,Total Voting Rights Notification,challenge/offline-data/hays/filings/2026-05-01__has-ln-20260501-filing__991799.md
Hays plc,HAS,2026-04-29,GENERIC_FILING,filing,,1.0,Q4,Director/PDMR Shareholding Notification,challenge/offline-data/hays/filings/2026-04-29__has-ln-20260429-filing__981241.md
Hays plc,HAS,2026-04-28,GENERIC_FILING,filing,,1.0,Q4 2026,Director/PDMR Shareholding Notification,challenge/offline-data/hays/filings/2026-04-28__has-ln-20260428-filing__975394.md
Hays plc,HAS,2026-04-22,GENERIC_FILING,filing-2,,1.0,Q4,Notification of Major Holdings,challenge/offline-data/hays/filings/2026-04-22__has-ln-20260422-filing-2-968531__968531.md
Hays plc,HAS,2026-04-22,GENERIC_FILING,filing-2,,1.0,Q4,Notification of Major Holdings,challenge/offline-data/hays/filings/2026-04-22__has-ln-20260422-filing-2-968539__968539.md
Hays plc,HAS,2026-04-22,GENERIC_FILING,filing,,1.0,Q4,Notification of Major Holdings,challenge/offline-data/hays/filings/2026-04-22__has-ln-20260422-filing-2__968511.md
Hays plc,HAS,2026-04-22,GENERIC_FILING,filing,,1.0,Q4,Notification of Major Holdings,challenge/offline-data/hays/filings/2026-04-22__has-ln-20260422-filing__968504.md
Hays plc,HAS,2026-04-16,EARNINGS_CALL,call-pres,FY2026Q3,1.0,Q3 2026,Q3 Trading Update,challenge/offline-data/hays/call-transcripts/2026-04-16__has-ln-20260416-call-pres__956114.md
Hays plc,HAS,2026-04-16,EARNINGS_CALL,call-qna,FY2026Q3,1.0,Q3 2026,Q3 Earnings Call Q&A,challenge/offline-data/hays/call-transcripts/2026-04-16__has-ln-20260416-call-qna__956116.md
Hays plc,HAS,2026-04-16,GENERIC_FILING,filing-2,FY2026Q3,1.0,Q3 2026,Third Quarter Trading Statement Announcement,challenge/offline-data/hays/filings/2026-04-16__has-ln-20260416-filing-2-955934__955934.md
Hays plc,HAS,2026-04-16,GENERIC_FILING,filing,FY2026Q3,1.0,Q3 2026,Third Quarter Trading Statement,challenge/offline-data/hays/filings/2026-04-16__has-ln-20260416-filing-2__955810.md
Hays plc,HAS,2026-04-16,GENERIC_FILING,filing,FY2026Q3,1.0,Q3 2026,Third Quarter Trading Statement Announcement,challenge/offline-data/hays/filings/2026-04-16__has-ln-20260416-filing__955797.md
Hays plc,HAS,2026-04-16,STRUCTURED_RESULT,q3-8k,FY2026Q3,1.0,Q3 2026,Quarterly Update for the Three Months Ended 31 March 2026,challenge/offline-data/hays/filings/2026-04-16__has-ln-20260416-q3-8k-2__955907.md
Hays plc,HAS,2026-04-14,GENERIC_FILING,filing,,1.0,FY 2026,PDMR Shareholding Notification,challenge/offline-data/hays/filings/2026-04-14__has-ln-20260414-filing-2__950769.md
Hays plc,HAS,2026-04-14,GENERIC_FILING,filing,,1.0,Q4,PDMR Shareholding Notification,challenge/offline-data/hays/filings/2026-04-14__has-ln-20260414-filing__950637.md
Hays plc,HAS,2026-04-01,GENERIC_FILING,filing,,1.0,Q4,Voting Rights and Capital Notification,challenge/offline-data/hays/filings/2026-04-01__has-ln-20260401-filing-2__901055.md
Hays plc,HAS,2026-04-01,GENERIC_FILING,filing,,1.0,FY 2026,Total Voting Rights and Capital Notification,challenge/offline-data/hays/filings/2026-04-01__has-ln-20260401-filing__901019.md
Hays plc,HAS,2026-03-27,GENERIC_FILING,filing,,1.0,FY 2026,PDMR Shareholding Notification,challenge/offline-data/hays/filings/2026-03-27__has-ln-20260327-filing-2__892475.md
Hays plc,HAS,2026-03-27,GENERIC_FILING,filing,,1.0,Q3,Notification of Major Holdings,challenge/offline-data/hays/filings/2026-03-27__has-ln-20260327-filing-3__892496.md
Hays plc,HAS,2026-03-27,GENERIC_FILING,filing,,1.0,Q3,PDMR Shareholding Notification,challenge/offline-data/hays/filings/2026-03-27__has-ln-20260327-filing__892467.md
Hays plc,HAS,2026-03-25,GENERIC_FILING,filing,,1.0,Q3,Director/PDMR Shareholding Notification,challenge/offline-data/hays/filings/2026-03-25__has-ln-20260325-filing__887897.md
Hays plc,HAS,2026-03-04,GENERIC_FILING,filing,,1.0,Q3,PDMR Shareholding Transaction Notification,challenge/offline-data/hays/filings/2026-03-04__has-ln-20260304-filing__669580.md
Hays plc,HAS,2026-03-03,GENERIC_FILING,filing,,1.0,Q3,Director PDMR Shareholding Notification,challenge/offline-data/hays/filings/2026-03-03__has-ln-20260303-filing__660270.md
Hays plc,HAS,2026-03-02,GENERIC_FILING,filing,,1.0,Q3,Director/PDMR Shareholding Notification,challenge/offline-data/hays/filings/2026-03-02__has-ln-20260302-filing-3__653885.md
Hays plc,HAS,2026-03-02,GENERIC_FILING,filing,FY2026H1,1.0,FY 2026,PDMR Share Transaction Notification,challenge/offline-data/hays/filings/2026-03-02__has-ln-20260302-filing-4__654023.md
Hays plc,HAS,2026-03-02,GENERIC_FILING,filing,,1.0,Q3,Total Voting Rights Notification,challenge/offline-data/hays/filings/2026-03-02__has-ln-20260302-filing__652337.md
Hays plc,HAS,2026-02-27,EARNINGS_CALL,call-pres,FY2026H1,1.0,H1 2026,Trading Update Conference Call and Webcast,challenge/offline-data/hays/call-transcripts/2026-02-27__has-ln-20260227-call-pres__643384.md
Hays plc,HAS,2026-02-27,EARNINGS_CALL,call-qna,FY2026H1,1.0,H1 2026,H1 Earnings Call Q&A,challenge/offline-data/hays/call-transcripts/2026-02-27__has-ln-20260227-call-qna__643383.md
Hays plc,HAS,2026-02-27,GENERIC_FILING,filing,,1.0,Q3,Notification of Major Holdings,challenge/offline-data/hays/filings/2026-02-27__has-ln-20260227-filing-6__645598.md
Hays plc,HAS,2026-02-27,GENERIC_FILING,filing,,1.0,FY 2026,Notification of Major Holdings,challenge/offline-data/hays/filings/2026-02-27__has-ln-20260227-filing-7__654602.md
Hays plc,HAS,2026-02-27,GENERIC_FILING,filing,FY2026H1,1.0,FY 2026,CEO Departure and Succession Plan,challenge/offline-data/hays/filings/2026-02-27__has-ln-20260227-filing__642792.md
Hays plc,HAS,2026-02-27,STRUCTURED_RESULT,h1-8k,FY2026H1,1.0,H1 2026,Half-Year Report,challenge/offline-data/hays/filings/2026-02-27__has-ln-20260227-h1-8k__642921.md
Hays plc,HAS,2026-02-27,SLIDE,slide,FY2026H1,1.0,H1 2026,Half-Year Results Presentation,challenge/offline-data/hays/slides/2026-02-27__has-ln-20260227-slide__643289.md
Hays plc,HAS,2026-01-14,EARNINGS_CALL,call-pres,FY2026H1,1.0,Q2 2026,Trading Update for Three Months Ending December 2025,challenge/offline-data/hays/call-transcripts/2026-01-14__has-ln-20260114-call-pres__401052.md
Hays plc,HAS,2026-01-14,EARNINGS_CALL,call-qna,FY2026H1,0.5,Q2 2026,Q2 Earnings Call Transcript,challenge/offline-data/hays/call-transcripts/2026-01-14__has-ln-20260114-call-qna__401059.md
Hays plc,HAS,2026-01-14,GENERIC_FILING,filing,FY2026H1,0.5,Q2 2025,Second Quarter Trading Statement,challenge/offline-data/hays/filings/2026-01-14__has-ln-20260114-filing__400979.md
Hays plc,HAS,2026-01-14,STRUCTURED_RESULT,q2-8k,FY2026H1,1.0,Q2 2026,Quarterly Update for Three Months Ended December 2025,challenge/offline-data/hays/filings/2026-01-14__has-ln-20260114-q2-8k__401006.md
Hays plc,HAS,2026-01-05,GENERIC_FILING,filing,FY2026H1,1.0,Q3,CEO Return from Medical Leave,challenge/offline-data/hays/filings/2026-01-05__has-ln-20260105-filing__394735.md
Hays plc,HAS,2025-11-19,GENERIC_FILING,filing,FY2026Q1,1.0,FY 2025,Annual General Meeting Results,challenge/offline-data/hays/filings/2025-11-19__has-ln-20251119-filing__360325.md
Hays plc,HAS,2025-11-10,GENERIC_FILING,filing,FY2026Q1,1.0,,CEO Medical Leave and Interim Leadership,challenge/offline-data/hays/filings/2025-11-10__has-ln-20251110-filing__358684.md
Hays plc,HAS,2025-10-22,GENERIC_FILING,filing,FY2026Q1,1.0,Q2 2026,Share Buyback Programme Announcement,challenge/offline-data/hays/filings/2025-10-22__has-ln-20251022-filing__151565.md
Hays plc,HAS,2025-10-10,EARNINGS_CALL,call-q1-pres,FY2026Q1,1.0,Q1 2026,Q1 2026 Trading Update Conference Call,challenge/offline-data/hays/call-transcripts/2025-10-10__has-ln-20251010-call-q1-pres-2__148165.md
Hays plc,HAS,2025-10-10,GENERIC_FILING,filing,FY2026Q1,1.0,Q1 2025,First Quarter Trading Statement and Conference Call Announcement,challenge/offline-data/hays/filings/2025-10-10__has-ln-20251010-filing__148126.md
Hays plc,HAS,2025-10-10,STRUCTURED_RESULT,q1-8k,FY2026Q1,1.0,Q1 2026,Q1 2026 Trading Update,challenge/offline-data/hays/filings/2025-10-10__has-ln-20251010-q1-8k__148167.md
Hays plc,HAS,2025-08-21,EARNINGS_CALL,call-h2-pres,FY2025H2,1.0,FY 2025,Preliminary Results Conference Call,challenge/offline-data/hays/call-transcripts/2025-08-21__has-ln-20250821-call-h2-pres-2__143887.md
Hays plc,HAS,2025-08-21,EARNINGS_CALL,call-h2-qna,FY2025H2,1.0,FY 2025,Fiscal Year Earnings Call,challenge/offline-data/hays/call-transcripts/2025-08-21__has-ln-20250821-call-h2-qna__143888.md
Hays plc,HAS,2025-08-21,GENERIC_FILING,filing,FY2025H2,1.0,FY 2025,Preliminary Report,challenge/offline-data/hays/filings/2025-08-21__has-ln-20250821-filing__143845.md
Hays plc,HAS,2025-08-21,STRUCTURED_RESULT,h2-8k,FY2025H2,1.0,FY 2025,Annual Report and Accounts,challenge/offline-data/hays/filings/2025-08-21__has-ln-20250821-h2-8k-2__671218.md
Hays plc,HAS,2025-08-21,STRUCTURED_RESULT,h2-8k,FY2025H2,1.0,FY 2025,Full Year Financial Results,challenge/offline-data/hays/filings/2025-08-21__has-ln-20250821-h2-8k__143890.md
Hays plc,HAS,2025-08-21,SLIDE,slide,FY2025H2,1.0,FY 2025,Preliminary Results for Year Ended 30 June 2025,challenge/offline-data/hays/slides/2025-08-21__has-ln-20250821-slide__143884.md
Hays plc,HAS,2025-07-04,GENERIC_FILING,filing,FY2025H2,1.0,Q1 2026,Board Committee Membership Changes,challenge/offline-data/hays/filings/2025-07-04__has-ln-20250704-filing__133968.md
Hays plc,HAS,2025-06-19,EARNINGS_CALL,call-pres,FY2025H2,1.0,Q4 2025,Pre-closed Year-End Trading Update Conference Call,challenge/offline-data/hays/call-transcripts/2025-06-19__has-ln-20250619-call-pres__74991.md
Hays plc,HAS,2025-06-19,EARNINGS_CALL,call-qna,FY2025H2,0.5,Q4 2025,Q4 2025 Earnings Call Transcript,challenge/offline-data/hays/call-transcripts/2025-06-19__has-ln-20250619-call-qna__75009.md
Hays plc,HAS,2025-06-19,EARNINGS_CALL,call,FY2025H2,1.0,Q4 2025,Pre-close Year-End Trading Update Call,challenge/offline-data/hays/call-transcripts/2025-06-19__has-ln-20250619-call__27277.md
Hays plc,HAS,2025-06-19,STRUCTURED_RESULT,q4-8k,FY2025H2,1.0,FY 2025,Pre-Close Year End Trading Update,challenge/offline-data/hays/filings/2025-06-19__has-ln-20250619-q4-8k__119747.md
Hays plc,HAS,2025-04-16,EARNINGS_CALL,call-q3-pres,FY2025Q3,1.0,Q3 2025,Q3 Results Update Call,challenge/offline-data/hays/call-transcripts/2025-04-16__has-ln-20250416-call-q3-pres__74967.md
Hays plc,HAS,2025-04-16,EARNINGS_CALL,call-q3-qna,FY2025Q3,1.0,Q3 2025,Quarterly Business Update Call Q&A,challenge/offline-data/hays/call-transcripts/2025-04-16__has-ln-20250416-call-q3-qna__74983.md
Hays plc,HAS,2025-04-16,STRUCTURED_RESULT,q3-8k,FY2025Q3,1.0,Q3 2025,Q3 Trading Update,challenge/offline-data/hays/filings/2025-04-16__has-ln-20250416-q3-8k__119733.md
Hays plc,HAS,2025-02-20,EARNINGS_CALL,call-q2-pres,FY2025H1,1.0,H1 2025,Interim Results Update Conference Call,challenge/offline-data/hays/call-transcripts/2025-02-20__has-ln-20250220-call-q2-pres__75025.md
Hays plc,HAS,2025-02-20,EARNINGS_CALL,call-q2-qna,FY2025H1,1.0,H1 2025,Analyst Q&A Session,challenge/offline-data/hays/call-transcripts/2025-02-20__has-ln-20250220-call-q2-qna__75042.md
Hays plc,HAS,2025-02-20,STRUCTURED_RESULT,q2-8k,FY2025H1,1.0,H1 2025,Half-Year Report,challenge/offline-data/hays/filings/2025-02-20__has-ln-20250220-q2-8k__119730.md
Hays plc,HAS,2025-02-20,SLIDE,slide,FY2025H1,1.0,H1 2025,Half-Year Results and Strategic Update,challenge/offline-data/hays/slides/2025-02-20__has-ln-20250220-slide__75012.md
Hays plc,HAS,2025-01-15,EARNINGS_CALL,call-pres,FY2025H1,0.5,Q2 2025,Q2 2025 Trading Update Conference Call,challenge/offline-data/hays/call-transcripts/2025-01-15__has-ln-20250115-call-pres-2__545589.md
Hays plc,HAS,2025-01-15,EARNINGS_CALL,call-pres,FY2025H1,0.5,Q2 2025,Q2 2025 Trading Update Conference Call,challenge/offline-data/hays/call-transcripts/2025-01-15__has-ln-20250115-call-pres__74975.md
Hays plc,HAS,2025-01-15,EARNINGS_CALL,call-qna,FY2025H1,0.5,Q2 2025,Q2 Business Update and Outlook,challenge/offline-data/hays/call-transcripts/2025-01-15__has-ln-20250115-call-qna__74993.md
Hays plc,HAS,2025-01-15,STRUCTURED_RESULT,q2-8k,FY2025H1,1.0,Q2 2025,Quarterly Update for Three Months Ended December 2024,challenge/offline-data/hays/filings/2025-01-15__has-ln-20250115-q2-8k__119724.md
Hays plc,HAS,2024-10-11,EARNINGS_CALL,call-q1-pres,FY2025Q1,1.0,Q1 2025,Q1 Trading Update Call,challenge/offline-data/hays/call-transcripts/2024-10-11__has-ln-20241011-call-q1-pres__75026.md
Hays plc,HAS,2024-10-11,EARNINGS_CALL,call-q1-qna,FY2025Q1,1.0,Q1 2025,Q1 Trading and Outlook Call,challenge/offline-data/hays/call-transcripts/2024-10-11__has-ln-20241011-call-q1-qna__75043.md
Hays plc,HAS,2024-10-11,STRUCTURED_RESULT,q1-8k,FY2025Q1,1.0,Q1 2025,Q1 Trading Update,challenge/offline-data/hays/filings/2024-10-11__has-ln-20241011-q1-8k__119745.md
Hays plc,HAS,2024-08-22,EARNINGS_CALL,call-pres,FY2024H2,1.0,FY 2024,Preliminary Results for Year Ending Conference Call,challenge/offline-data/hays/call-transcripts/2024-08-22__has-ln-20240822-call-pres-3__74972.md
Hays plc,HAS,2024-08-22,EARNINGS_CALL,call-qna,FY2024H2,1.0,Q1 2025,"Q&A on Market Conditions, Operational Strategy, and Cost Savings",challenge/offline-data/hays/call-transcripts/2024-08-22__has-ln-20240822-call-qna__74989.md
Hays plc,HAS,2024-08-22,STRUCTURED_RESULT,h2-8k,FY2024H2,1.0,FY 2024,Annual Report and Accounts,challenge/offline-data/hays/filings/2024-08-22__has-ln-20240822-h2-8k-2__671217.md
Hays plc,HAS,2024-08-22,STRUCTURED_RESULT,h2-8k,FY2024H2,1.0,FY 2024,Preliminary Report,challenge/offline-data/hays/filings/2024-08-22__has-ln-20240822-h2-8k__119721.md
Hays plc,HAS,2024-08-22,SLIDE,slide,FY2024H2,1.0,FY 2024,Preliminary Full Year Results,challenge/offline-data/hays/slides/2024-08-22__has-ln-20240822-slide__74994.md
Hays plc,HAS,2024-07-11,EARNINGS_CALL,call-pres,FY2024H2,0.5,Q4 2024,Q4 Trading Update Conference Call,challenge/offline-data/hays/call-transcripts/2024-07-11__has-ln-20240711-call-pres__74984.md
Hays plc,HAS,2024-07-11,EARNINGS_CALL,call-qna,FY2024H2,1.0,Q1 2025,Earnings Call Transcript,challenge/offline-data/hays/call-transcripts/2024-07-11__has-ln-20240711-call-qna__74999.md
Hays plc,HAS,2024-07-11,STRUCTURED_RESULT,q4-8k,FY2024H2,1.0,Q4 FY24,Quarterly Update,challenge/offline-data/hays/filings/2024-07-11__has-ln-20240711-q4-8k__119729.md
Hays plc,HAS,2024-04-16,EARNINGS_CALL,call-pres,FY2024Q3,1.0,Q3 2024,Q3 Trading Update Conference Call,challenge/offline-data/hays/call-transcripts/2024-04-16__has-ln-20240416-call-pres__74969.md
Hays plc,HAS,2024-04-16,EARNINGS_CALL,call-qna,FY2024Q3,1.0,Q3 2024,"Germany Operations, Headcount, and Cost Savings Discussion",challenge/offline-data/hays/call-transcripts/2024-04-16__has-ln-20240416-call-qna__74987.md
Hays plc,HAS,2024-04-16,STRUCTURED_RESULT,q3-8k,FY2024Q3,1.0,Q3 2024,Quarterly Update for Three Months Ended March 2024,challenge/offline-data/hays/filings/2024-04-16__has-ln-20240416-q3-8k__119732.md
Hays plc,HAS,2024-02-22,EARNINGS_CALL,call-pres,FY2024H1,1.0,H1 2024,Half-Year Results Announcement Call and Webcast,challenge/offline-data/hays/call-transcripts/2024-02-22__has-ln-20240222-call-pres__74965.md
Hays plc,HAS,2024-02-22,EARNINGS_CALL,call-qna,FY2024H1,1.0,Q3 2024,Q&A on Trading Performance and Strategy,challenge/offline-data/hays/call-transcripts/2024-02-22__has-ln-20240222-call-qna__74988.md
Hays plc,HAS,2024-02-22,STRUCTURED_RESULT,h1-8k,FY2024H1,1.0,H1 2024,Half-Year Report,challenge/offline-data/hays/filings/2024-02-22__has-ln-20240222-h1-8k__119744.md
Hays plc,HAS,2024-02-22,SLIDE,slide,FY2024H1,1.0,H1 2024,Half-Year Results Presentation,challenge/offline-data/hays/slides/2024-02-22__has-ln-20240222-slide__75003.md
Hays plc,HAS,2024-01-09,EARNINGS_CALL,call-pres,FY2024H1,1.0,Q2 2024,Quarterly Trading Update,challenge/offline-data/hays/call-transcripts/2024-01-09__has-ln-20240109-call-pres__74974.md
Hays plc,HAS,2024-01-09,EARNINGS_CALL,call-qna,FY2024H1,1.0,Q2 2024,"Market Conditions, Exit Rates, and Cost Adjustments Discussion",challenge/offline-data/hays/call-transcripts/2024-01-09__has-ln-20240109-call-qna__74995.md
Hays plc,HAS,2024-01-09,STRUCTURED_RESULT,q2-8k,FY2024H1,0.67,Q2 FY24,Q2 Trading Update,challenge/offline-data/hays/filings/2024-01-09__has-ln-20240109-q2-8k__119739.md
Hays plc,HAS,2023-10-12,EARNINGS_CALL,call-pres,FY2024Q1,1.0,Q1 2024,Quarterly Trading Update,challenge/offline-data/hays/call-transcripts/2023-10-12__has-ln-20231012-call-pres__75028.md
Hays plc,HAS,2023-10-12,EARNINGS_CALL,call-qna,FY2024Q1,1.0,Q1 2024,Quarterly Performance and Market Trends Discussion,challenge/offline-data/hays/call-transcripts/2023-10-12__has-ln-20231012-call-qna__75044.md
Hays plc,HAS,2023-10-12,STRUCTURED_RESULT,q1-8k,FY2024Q1,1.0,Q1 FY24,Q1 Trading Update,challenge/offline-data/hays/filings/2023-10-12__has-ln-20231012-q1-8k__119723.md
Hays plc,HAS,2023-08-24,EARNINGS_CALL,call-pres,FY2023H2,1.0,FY 2023,Preliminary Full Year Results Webcast and Conference Call,challenge/offline-data/hays/call-transcripts/2023-08-24__has-ln-20230824-call-pres__74971.md
Hays plc,HAS,2023-08-24,EARNINGS_CALL,call-qna,FY2023H2,1.0,Q1 2024,Current Trading and Strategic Outlook,challenge/offline-data/hays/call-transcripts/2023-08-24__has-ln-20230824-call-qna__74990.md
Hays plc,HAS,2023-08-24,STRUCTURED_RESULT,h2-8k,FY2023H2,1.0,FY 2023,Annual Performance and Strategic Review,challenge/offline-data/hays/filings/2023-08-24__has-ln-20230824-h2-8k-2__671216.md
Hays plc,HAS,2023-08-24,STRUCTURED_RESULT,h2-8k,FY2023H2,1.0,FY 2023,Preliminary Results for Year Ended June 2023,challenge/offline-data/hays/filings/2023-08-24__has-ln-20230824-h2-8k__119735.md
Hays plc,HAS,2023-08-24,SLIDE,slide,FY2023H2,1.0,FY 2023,Preliminary Full Year Results,challenge/offline-data/hays/slides/2023-08-24__has-ln-20230824-slide__75015.md
Hays plc,HAS,2023-07-13,EARNINGS_CALL,call-pres,FY2023H2,0.5,Q4 2023,Q4 FY2023 Trading Update,challenge/offline-data/hays/call-transcripts/2023-07-13__has-ln-20230713-call-pres__74997.md
Hays plc,HAS,2023-07-13,EARNINGS_CALL,call-qna,FY2023H2,1.0,FY 2023,Investor Call Q&A,challenge/offline-data/hays/call-transcripts/2023-07-13__has-ln-20230713-call-qna__75013.md
Hays plc,HAS,2023-07-13,STRUCTURED_RESULT,q4-8k,FY2023H2,1.0,Q4 2023,Quarterly Update,challenge/offline-data/hays/filings/2023-07-13__has-ln-20230713-q4-8k__119742.md
Hays plc,HAS,2023-04-14,EARNINGS_CALL,call-pres,FY2023Q3,1.0,Q3 2023,Q3 FY2023 Trading Update Conference Call,challenge/offline-data/hays/call-transcripts/2023-04-14__has-ln-20230414-call-pres__75014.md
Hays plc,HAS,2023-04-14,EARNINGS_CALL,call-qna,FY2023Q3,1.0,Q3 2023,Q3 Performance and H2 Outlook Call,challenge/offline-data/hays/call-transcripts/2023-04-14__has-ln-20230414-call-qna__75032.md
Hays plc,HAS,2023-04-14,STRUCTURED_RESULT,q3-8k,FY2023Q3,1.0,Q3 2023,Quarterly Trading Update,challenge/offline-data/hays/filings/2023-04-14__has-ln-20230414-q3-8k__119726.md
Hays plc,HAS,2023-02-23,EARNINGS_CALL,call-pres,FY2023H1,1.0,H1 2023,Half Year Results Presentation,challenge/offline-data/hays/call-transcripts/2023-02-23__has-ln-20230223-call-pres__75011.md
Hays plc,HAS,2023-02-23,EARNINGS_CALL,call-qna,FY2023H1,1.0,H1 2023,Half-Year Results and Strategic Update Call,challenge/offline-data/hays/call-transcripts/2023-02-23__has-ln-20230223-call-qna__75030.md
Hays plc,HAS,2023-02-23,STRUCTURED_RESULT,h1-8k,FY2023H1,1.0,H1 2023,Half-Year Report,challenge/offline-data/hays/filings/2023-02-23__has-ln-20230223-h1-8k__119736.md
Hays plc,HAS,2023-02-23,SLIDE,slide,FY2023H1,1.0,H1 2023,Half-Year Results Presentation,challenge/offline-data/hays/slides/2023-02-23__has-ln-20230223-slide__75020.md
Hays plc,HAS,2023-01-17,EARNINGS_CALL,call-pres,FY2023H1,0.5,Q2 2023,Second Quarter Trading Update Call,challenge/offline-data/hays/call-transcripts/2023-01-17__has-ln-20230117-call-pres__75005.md
Hays plc,HAS,2023-01-17,EARNINGS_CALL,call-qna,FY2023H1,1.0,H1 2023,Investor Q&A on H1 Operational Performance and Outlook,challenge/offline-data/hays/call-transcripts/2023-01-17__has-ln-20230117-call-qna__75022.md
Hays plc,HAS,2023-01-17,STRUCTURED_RESULT,q2-8k,FY2023H1,1.0,Q2 2023,Quarterly Trading Update,challenge/offline-data/hays/filings/2023-01-17__has-ln-20230117-q2-8k__119748.md
Hays plc,HAS,2022-10-13,EARNINGS_CALL,call-pres,FY2023Q1,1.0,Q1 2023,Q1 FY23 Trading Update,challenge/offline-data/hays/call-transcripts/2022-10-13__has-ln-20221013-call-pres__75002.md
Hays plc,HAS,2022-10-13,EARNINGS_CALL,call-qna,FY2023Q1,1.0,Q1 2023,Q1 Trading Update Call,challenge/offline-data/hays/call-transcripts/2022-10-13__has-ln-20221013-call-qna__75018.md
Hays plc,HAS,2022-10-13,STRUCTURED_RESULT,q1-8k,FY2023Q1,1.0,Q1 2023,Q1 Trading Update,challenge/offline-data/hays/filings/2022-10-13__has-ln-20221013-q1-8k__119738.md
Hays plc,HAS,2022-08-25,EARNINGS_CALL,call-pres,FY2022H2,1.0,FY 2022,FY 2022 Results Call,challenge/offline-data/hays/call-transcripts/2022-08-25__has-ln-20220825-call-pres__75004.md
Hays plc,HAS,2022-08-25,EARNINGS_CALL,call-qna,FY2022H2,1.0,FY 2023,Operational and Market Conditions Q&A,challenge/offline-data/hays/call-transcripts/2022-08-25__has-ln-20220825-call-qna__75023.md
Hays plc,HAS,2022-08-25,STRUCTURED_RESULT,h2-8k,FY2022H2,1.0,FY 2022,Annual Financial and Strategic Review,challenge/offline-data/hays/filings/2022-08-25__has-ln-20220825-h2-8k-2__671215.md
Hays plc,HAS,2022-08-25,STRUCTURED_RESULT,h2-8k,FY2022H2,1.0,FY 2022,Preliminary Full Year Results,challenge/offline-data/hays/filings/2022-08-25__has-ln-20220825-h2-8k__119750.md
Hays plc,HAS,2022-08-25,SLIDE,slide,FY2022H2,1.0,FY 2022,Preliminary Full Year Results,challenge/offline-data/hays/slides/2022-08-25__has-ln-20220825-slide__75007.md
Hays plc,HAS,2022-07-14,EARNINGS_CALL,call-pres,FY2022H2,0.5,"Q4 2022, FY 2022",Q4 and Full Year Trading Update Call,challenge/offline-data/hays/call-transcripts/2022-07-14__has-ln-20220714-call-pres__74976.md
Hays plc,HAS,2022-07-14,EARNINGS_CALL,call-qna,FY2022H2,1.0,FY 2022,Market and Operational Update Call,challenge/offline-data/hays/call-transcripts/2022-07-14__has-ln-20220714-call-qna__74992.md
Hays plc,HAS,2022-07-14,STRUCTURED_RESULT,q4-8k,FY2022H2,0.67,Q4 2022,Q4 FY22 Trading Update,challenge/offline-data/hays/filings/2022-07-14__has-ln-20220714-q4-8k__119737.md
Hays plc,HAS,2022-04-28,EARNINGS_CALL,call-pres,FY2022Q3,1.0,FY 2027,Investor Day Presentation on Strategic Outlook,challenge/offline-data/hays/call-transcripts/2022-04-28__has-ln-20220428-call-pres__75017.md
Hays plc,HAS,2022-04-28,EARNINGS_CALL,call-qna,FY2022Q3,1.0,FY 2022,Investor Q&A and Strategic Outlook,challenge/offline-data/hays/call-transcripts/2022-04-28__has-ln-20220428-call-qna__75033.md
Hays plc,HAS,2022-04-28,SLIDE,slide,FY2022Q3,1.0,FY 2022,Investor Day Presentation,challenge/offline-data/hays/slides/2022-04-28__has-ln-20220428-slide__75006.md
Hays plc,HAS,2022-04-14,EARNINGS_CALL,call-pres,FY2022Q3,1.0,Q3 2022,Q3 2022 Quarterly Update Call,challenge/offline-data/hays/call-transcripts/2022-04-14__has-ln-20220414-call-pres__74968.md
Hays plc,HAS,2022-04-14,EARNINGS_CALL,call-qna,FY2022Q3,1.0,Q3 FY2022,Q3 Trading Update and Market Outlook,challenge/offline-data/hays/call-transcripts/2022-04-14__has-ln-20220414-call-qna__74986.md
Hays plc,HAS,2022-04-14,STRUCTURED_RESULT,q3-8k,FY2022Q3,1.0,Q3 2022,Quarterly Update for Three Months Ended March 2022,challenge/offline-data/hays/filings/2022-04-14__has-ln-20220414-q3-8k__119725.md
Hays plc,HAS,2022-02-24,EARNINGS_CALL,call-pres,FY2022H1,1.0,H1 FY2022,Half Year Results Conference Call,challenge/offline-data/hays/call-transcripts/2022-02-24__has-ln-20220224-call-pres__74985.md
Hays plc,HAS,2022-02-24,EARNINGS_CALL,call-qna,FY2022H1,1.0,H1 2022,H1 FY2022 Results and Outlook Call,challenge/offline-data/hays/call-transcripts/2022-02-24__has-ln-20220224-call-qna__75000.md
Hays plc,HAS,2022-02-24,STRUCTURED_RESULT,h1-8k,FY2022H1,1.0,H1 2022,Half Year Report,challenge/offline-data/hays/filings/2022-02-24__has-ln-20220224-h1-8k__119746.md
Hays plc,HAS,2022-02-24,SLIDE,slide,FY2022H1,1.0,H1 FY22,Half-Year Results and Outlook Presentation,challenge/offline-data/hays/slides/2022-02-24__has-ln-20220224-slide__75016.md
Hays plc,HAS,2022-01-13,EARNINGS_CALL,call-pres,FY2022H1,0.5,Q2 2022,Q2 FY2022 Trading Update Call,challenge/offline-data/hays/call-transcripts/2022-01-13__has-ln-20220113-call-pres__75031.md
Hays plc,HAS,2022-01-13,EARNINGS_CALL,call-qna,FY2022H1,0.5,Q2 FY22,Q2 Performance and Outlook Call,challenge/offline-data/hays/call-transcripts/2022-01-13__has-ln-20220113-call-qna__75047.md
Hays plc,HAS,2022-01-13,STRUCTURED_RESULT,q2-8k,FY2022H1,1.0,Q2 2022,Quarterly Financial Update,challenge/offline-data/hays/filings/2022-01-13__has-ln-20220113-q2-8k__119728.md
Hays plc,HAS,2021-10-14,EARNINGS_CALL,call-pres,FY2022Q1,1.0,Q1 2022,Q1 Quarterly Update Call,challenge/offline-data/hays/call-transcripts/2021-10-14__has-ln-20211014-call-pres__75019.md
Hays plc,HAS,2021-10-14,EARNINGS_CALL,call-qna,FY2022Q1,1.0,Q1 2022,Recruitment Market Trends and Outlook,challenge/offline-data/hays/call-transcripts/2021-10-14__has-ln-20211014-call-qna__75037.md
Hays plc,HAS,2021-10-14,STRUCTURED_RESULT,q1-8k,FY2022Q1,1.0,Q1 2022,Q1 FY22 Trading Update,challenge/offline-data/hays/filings/2021-10-14__has-ln-20211014-q1-8k__119741.md
Hays plc,HAS,2021-08-26,EARNINGS_CALL,call-pres,FY2021H2,1.0,FY 2021,Full Year Results Conference Call,challenge/offline-data/hays/call-transcripts/2021-08-26__has-ln-20210826-call-pres__75010.md
Hays plc,HAS,2021-08-26,EARNINGS_CALL,call-qna,FY2021H2,1.0,Start of FY 2022,Current Trading and Strategic Investment Program Discussion,challenge/offline-data/hays/call-transcripts/2021-08-26__has-ln-20210826-call-qna__75029.md
Hays plc,HAS,2021-08-26,STRUCTURED_RESULT,h2-8k,FY2021H2,1.0,FY 2021,Annual Report & Financial Statements,challenge/offline-data/hays/filings/2021-08-26__has-ln-20210826-h2-8k-2__671213.md
Hays plc,HAS,2021-08-26,STRUCTURED_RESULT,h2-8k,FY2021H2,1.0,FY 2021,Preliminary Full Year Results Statement,challenge/offline-data/hays/filings/2021-08-26__has-ln-20210826-h2-8k__119734.md
Hays plc,HAS,2021-08-26,SLIDE,slide,FY2021H2,1.0,FY 2021,Preliminary Full-Year Results Presentation,challenge/offline-data/hays/slides/2021-08-26__has-ln-20210826-slide__75008.md
Hays plc,HAS,2021-07-15,EARNINGS_CALL,call-pres,FY2021H2,0.5,Q4 2021,Q4 Financial Year Update Call,challenge/offline-data/hays/call-transcripts/2021-07-15__has-ln-20210715-call-pres__75034.md
Hays plc,HAS,2021-07-15,EARNINGS_CALL,call-qna,FY2021H2,1.0,FY 2021,Preliminary Results and Outlook Call,challenge/offline-data/hays/call-transcripts/2021-07-15__has-ln-20210715-call-qna__75050.md
Hays plc,HAS,2021-07-15,STRUCTURED_RESULT,q4-8k,FY2021H2,0.67,Q4 2021,Q4 FY21 Trading Update,challenge/offline-data/hays/filings/2021-07-15__has-ln-20210715-q4-8k__119740.md
Hays plc,HAS,2021-04-13,EARNINGS_CALL,call-pres,FY2021Q3,1.0,Q3 2021,Q3 Trading Update Conference Call,challenge/offline-data/hays/call-transcripts/2021-04-13__has-ln-20210413-call-pres__75027.md
Hays plc,HAS,2021-04-13,EARNINGS_CALL,call-qna,FY2021Q3,1.0,Q3 2021,Q3 Trading Update and Business Outlook Call,challenge/offline-data/hays/call-transcripts/2021-04-13__has-ln-20210413-call-qna__75045.md
Hays plc,HAS,2021-04-13,STRUCTURED_RESULT,q3-8k,FY2021Q3,1.0,Q3 2021,Q3 Trading Update,challenge/offline-data/hays/filings/2021-04-13__has-ln-20210413-q3-8k__119722.md
Hays plc,HAS,2021-02-18,EARNINGS_CALL,call-pres,FY2021H1,1.0,H1 2021,Half Year Results Call,challenge/offline-data/hays/call-transcripts/2021-02-18__has-ln-20210218-call-pres__75035.md
Hays plc,HAS,2021-02-18,EARNINGS_CALL,call-qna,FY2021H1,1.0,H1 2021,Half-Year Business and Capital Allocation Update,challenge/offline-data/hays/call-transcripts/2021-02-18__has-ln-20210218-call-qna__75053.md
Hays plc,HAS,2021-02-18,STRUCTURED_RESULT,h1-8k,FY2021H1,1.0,H1 2021,Half Year Report,challenge/offline-data/hays/filings/2021-02-18__has-ln-20210218-h1-8k__119751.md
Hays plc,HAS,2021-02-18,SLIDE,slide,FY2021H1,1.0,H1 2021,Half-Year Results Presentation,challenge/offline-data/hays/slides/2021-02-18__has-ln-20210218-slide__74970.md
Hays plc,HAS,2021-01-14,EARNINGS_CALL,call-pres,FY2021H1,0.5,Q2 2021,Q2 Trading Update Call,challenge/offline-data/hays/call-transcripts/2021-01-14__has-ln-20210114-call-pres__75024.md
Hays plc,HAS,2021-01-14,EARNINGS_CALL,call-qna,FY2021H1,1.0,H1 2021,Trading Update and Outlook Call,challenge/offline-data/hays/call-transcripts/2021-01-14__has-ln-20210114-call-qna__75041.md
Hays plc,HAS,2021-01-14,STRUCTURED_RESULT,q2-8k,FY2021H1,0.67,Q2 2021,Q2 Trading Update,challenge/offline-data/hays/filings/2021-01-14__has-ln-20210114-q2-8k__119743.md
Hays plc,HAS,2020-10-15,EARNINGS_CALL,call-pres,FY2021Q1,1.0,Q1 2021,Q1 Investor Call,challenge/offline-data/hays/call-transcripts/2020-10-15__has-ln-20201015-call-pres__75021.md
Hays plc,HAS,2020-10-15,EARNINGS_CALL,call-qna,FY2021Q1,1.0,Q1 2021,Q1 Trading Update and Outlook Q&A,challenge/offline-data/hays/call-transcripts/2020-10-15__has-ln-20201015-call-qna__75038.md
Hays plc,HAS,2020-10-15,STRUCTURED_RESULT,q1-8k,FY2021Q1,1.0,Q1 2021,Q1 FY21 Trading Update,challenge/offline-data/hays/filings/2020-10-15__has-ln-20201015-q1-8k__119749.md
Hays plc,HAS,2020-08-27,EARNINGS_CALL,call-pres,FY2020H2,1.0,FY 2020,Preliminary Full Year Results Call,challenge/offline-data/hays/call-transcripts/2020-08-27__has-ln-20200827-call-pres__74977.md
Hays plc,HAS,2020-08-27,EARNINGS_CALL,call-qna,FY2020H2,1.0,H1 2021,Current Trading and Strategic Outlook Call,challenge/offline-data/hays/call-transcripts/2020-08-27__has-ln-20200827-call-qna__74996.md
Hays plc,HAS,2020-08-27,STRUCTURED_RESULT,h2-8k,FY2020H2,1.0,FY 2020,Annual Report and Financial Statements,challenge/offline-data/hays/filings/2020-08-27__has-ln-20200827-h2-8k-2__671211.md
Hays plc,HAS,2020-08-27,STRUCTURED_RESULT,h2-8k,FY2020H2,1.0,FY 2020,Preliminary Results for Year Ended June 2020,challenge/offline-data/hays/filings/2020-08-27__has-ln-20200827-h2-8k__119727.md
Hays plc,HAS,2020-08-27,SLIDE,slide,FY2020H2,1.0,FY 2020,Preliminary Full Year Results,challenge/offline-data/hays/slides/2020-08-27__has-ln-20200827-slide__75001.md
Hays plc,HAS,2020-07-16,EARNINGS_CALL,call-pres,FY2020H2,0.5,Q4 2020,Q4 and FY2020 Update Call,challenge/offline-data/hays/call-transcripts/2020-07-16__has-ln-20200716-call-pres__74978.md
Hays plc,HAS,2020-07-16,EARNINGS_CALL,call-qna,FY2020H2,1.0,Q1 2021,"Analyst Q&A on Financials, Investments, and Outlook",challenge/offline-data/hays/call-transcripts/2020-07-16__has-ln-20200716-call-qna__74998.md
Hays plc,HAS,2020-07-16,STRUCTURED_RESULT,q4-8k,FY2020H2,1.0,Q4 2020,Quarterly Trading Update,challenge/offline-data/hays/filings/2020-07-16__has-ln-20200716-q4-8k__119731.md
Hays plc,HAS,2020-04-02,STRUCTURED_RESULT,q3-8k,FY2020Q3,1.0,Q3 2020 and FY 2020 outlook,Trading Update and Equity Placing,challenge/offline-data/hays/filings/2020-04-02__has-ln-20200402-q3-8k__545545.md
Hays plc,HAS,2020-02-20,EARNINGS_CALL,call-pres,FY2020H1,1.0,H1 2020,Half-Year Results Call,challenge/offline-data/hays/call-transcripts/2020-02-20__has-ln-20200220-call-pres-2__1308358.md
Hays plc,HAS,2020-02-20,EARNINGS_CALL,call-qna,FY2020H1,1.0,H1 2020,Market Conditions and Regional Operational Update,challenge/offline-data/hays/call-transcripts/2020-02-20__has-ln-20200220-call-qna__1308362.md
Hays plc,HAS,2020-02-20,STRUCTURED_RESULT,h1-8k,FY2020H1,1.0,H1 FY2020,Half Year Financial Results and Trading Update,challenge/offline-data/hays/filings/2020-02-20__has-ln-20200220-h1-8k__545729.md
Hays plc,HAS,2020-02-20,SLIDE,slide,FY2020H1,1.0,H1 2020,Half Year Results Presentation,challenge/offline-data/hays/slides/2020-02-20__has-ln-20200220-slide__545794.md
Hays plc,HAS,2020-01-16,EARNINGS_CALL,call-pres,FY2020H1,1.0,Q2 2020,Quarterly Trading Update Call,challenge/offline-data/hays/call-transcripts/2020-01-16__has-ln-20200116-call-pres-2__1338290.md
Hays plc,HAS,2020-01-16,EARNINGS_CALL,call-pres,FY2020H1,1.0,Q2 2020,Quarterly Update Call,challenge/offline-data/hays/call-transcripts/2020-01-16__has-ln-20200116-call-pres__545574.md
Hays plc,HAS,2020-01-16,EARNINGS_CALL,call-qna,FY2020H1,1.0,H1 FY20,First Half Trading Update Call,challenge/offline-data/hays/call-transcripts/2020-01-16__has-ln-20200116-call-qna__1338294.md
Hays plc,HAS,2020-01-16,STRUCTURED_RESULT,q2-8k,FY2020H1,1.0,Q2 2020,Quarterly Update for Three Months Ended December 2019,challenge/offline-data/hays/filings/2020-01-16__has-ln-20200116-q2-8k__545547.md
Hays plc,HAS,2019-10-15,EARNINGS_CALL,call-pres,FY2020Q1,1.0,Q1 FY2020,Q1 Analyst Call,challenge/offline-data/hays/call-transcripts/2019-10-15__has-ln-20191015-call-pres-2__1372035.md
Hays plc,HAS,2019-10-15,EARNINGS_CALL,call-pres,FY2020Q1,1.0,Q1 FY2020,Q1 Trading Update Analyst Call,challenge/offline-data/hays/call-transcripts/2019-10-15__has-ln-20191015-call-pres__545974.md
Hays plc,HAS,2019-10-15,EARNINGS_CALL,call-qna,FY2020Q1,1.0,Q1 2020,Q1 Results and Q2 Outlook Call,challenge/offline-data/hays/call-transcripts/2019-10-15__has-ln-20191015-call-qna__1372037.md
Hays plc,HAS,2019-10-15,STRUCTURED_RESULT,q1-8k,FY2020Q1,1.0,Q1 2020,Q1 Trading Update,challenge/offline-data/hays/filings/2019-10-15__has-ln-20191015-q1-8k__547669.md
Hays plc,HAS,2019-08-29,EARNINGS_CALL,call-pres,FY2019H2,0.5,FY 2019,Fiscal Year 2019 Results and Outlook,challenge/offline-data/hays/call-transcripts/2019-08-29__has-ln-20190829-call-pres-2__1372693.md
Hays plc,HAS,2019-08-29,EARNINGS_CALL,call-qna,FY2019H2,0.5,Q1 2020,Q1 2020 Trading Update and Strategic Initiatives Discussion,challenge/offline-data/hays/call-transcripts/2019-08-29__has-ln-20190829-call-qna__1372695.md
Hays plc,HAS,2019-08-29,STRUCTURED_RESULT,h2-8k,FY2019H2,1.0,FY 2019,Annual Report and Financial Statements,challenge/offline-data/hays/filings/2019-08-29__has-ln-20190829-h2-8k-2__671212.md
Hays plc,HAS,2019-08-29,STRUCTURED_RESULT,h2-8k,FY2019H2,1.0,FY 2019,Full Year Results Statement,challenge/offline-data/hays/filings/2019-08-29__has-ln-20190829-h2-8k__545563.md
Hays plc,HAS,2019-08-29,SLIDE,slide,FY2019H2,1.0,FY 2019,Full Year Preliminary Results Presentation,challenge/offline-data/hays/slides/2019-08-29__has-ln-20190829-slide__546317.md
Hays plc,HAS,2019-07-16,EARNINGS_CALL,call-pres,FY2019H2,0.5,Q4 2019,Q4 Analyst Conference Call,challenge/offline-data/hays/call-transcripts/2019-07-16__has-ln-20190716-call-pres-2__1381898.md
Hays plc,HAS,2019-07-16,EARNINGS_CALL,call-pres,FY2019H2,0.5,Q4 2019,Q4 Analyst Conference Call,challenge/offline-data/hays/call-transcripts/2019-07-16__has-ln-20190716-call-pres__546230.md
Hays plc,HAS,2019-07-16,EARNINGS_CALL,call-qna,FY2019H2,1.0,FY 2019,Quarterly Results Discussion and Outlook,challenge/offline-data/hays/call-transcripts/2019-07-16__has-ln-20190716-call-qna__1381902.md
Hays plc,HAS,2019-07-16,STRUCTURED_RESULT,q4-8k,FY2019H2,1.0,Q4 2019,Quarterly Trading Update,challenge/offline-data/hays/filings/2019-07-16__has-ln-20190716-q4-8k__545941.md
Hays plc,HAS,2019-04-16,EARNINGS_CALL,call-pres,FY2019Q3,1.0,Q3 2019,Q3 Quarterly Update Call,challenge/offline-data/hays/call-transcripts/2019-04-16__has-ln-20190416-call-pres-2__1406659.md
Hays plc,HAS,2019-04-16,EARNINGS_CALL,call-pres,FY2019Q3,1.0,Q3 2019,Q3 Trading Update Analyst Call,challenge/offline-data/hays/call-transcripts/2019-04-16__has-ln-20190416-call-pres__545573.md
Hays plc,HAS,2019-04-16,EARNINGS_CALL,call-qna,FY2019Q3,1.0,Q3 FY19,Quarterly Performance and Outlook Call,challenge/offline-data/hays/call-transcripts/2019-04-16__has-ln-20190416-call-qna__1406662.md
Hays plc,HAS,2019-04-16,STRUCTURED_RESULT,q3-8k,FY2019Q3,1.0,Q3 2019,Quarterly Trading Update,challenge/offline-data/hays/filings/2019-04-16__has-ln-20190416-q3-8k__545905.md
Hays plc,HAS,2019-02-21,EARNINGS_CALL,call-pres,FY2019H1,1.0,H1 2019,Half Year Results Presentation and Q&A,challenge/offline-data/hays/call-transcripts/2019-02-21__has-ln-20190221-call-pres-2__1418339.md
Hays plc,HAS,2019-02-21,EARNINGS_CALL,call-qna,FY2019H1,1.0,H1 2019,Analyst Call on H1 Performance and Outlook,challenge/offline-data/hays/call-transcripts/2019-02-21__has-ln-20190221-call-qna__1418344.md
Hays plc,HAS,2019-02-21,STRUCTURED_RESULT,h1-8k,FY2019H1,1.0,H1 2019,Half Year Report,challenge/offline-data/hays/filings/2019-02-21__has-ln-20190221-h1-8k__545552.md
Hays plc,HAS,2019-02-21,SLIDE,slide,FY2019H1,1.0,H1 2019,Interim Results Presentation,challenge/offline-data/hays/slides/2019-02-21__has-ln-20190221-slide__545625.md
Hays plc,HAS,2019-01-15,EARNINGS_CALL,call-pres,FY2019H1,0.5,Q2 2019,Q2 Quarterly Update Call,challenge/offline-data/hays/call-transcripts/2019-01-15__has-ln-20190115-call-pres-2__1427513.md
Hays plc,HAS,2019-01-15,EARNINGS_CALL,call-pres,FY2019H1,1.0,Q2 2019,Quarterly Update Conference Call,challenge/offline-data/hays/call-transcripts/2019-01-15__has-ln-20190115-call-pres__546311.md
Hays plc,HAS,2019-01-15,EARNINGS_CALL,call-qna,FY2019H1,1.0,H1 FY19,Half-Year Trading Update Call,challenge/offline-data/hays/call-transcripts/2019-01-15__has-ln-20190115-call-qna__1427521.md
Hays plc,HAS,2019-01-15,STRUCTURED_RESULT,q2-8k,FY2019H1,1.0,Q2 2019,Quarterly Trading Update,challenge/offline-data/hays/filings/2019-01-15__has-ln-20190115-q2-8k__545537.md
Hays plc,HAS,2018-10-11,EARNINGS_CALL,call-pres,FY2019Q1,1.0,Q1 2019,Q1 Quarterly Update Analyst Call,challenge/offline-data/hays/call-transcripts/2018-10-11__has-ln-20181011-call-pres-2__1467953.md
Hays plc,HAS,2018-10-11,EARNINGS_CALL,call-qna,FY2019Q1,1.0,Q1 FY2019,Q1 FY2019 Earnings Call,challenge/offline-data/hays/call-transcripts/2018-10-11__has-ln-20181011-call-qna__1467961.md
Hays plc,HAS,2018-10-11,STRUCTURED_RESULT,q1-8k,FY2019Q1,1.0,Q1 2019,Quarterly Update for Three Months Ended 30 September 2018,challenge/offline-data/hays/filings/2018-10-11__has-ln-20181011-q1-8k__545962.md
Hays plc,HAS,2018-10-03,STRUCTURED_RESULT,h2-8k,FY2018H2,0.5,FY 2018,Annual Report and Financial Statements,challenge/offline-data/hays/filings/2018-10-03__has-ln-20181003-h2-8k__671214.md
Hays plc,HAS,2017-09-22,STRUCTURED_RESULT,h2-8k,FY2017H2,1.0,FY 2017,Annual Report and Financial Statements,challenge/offline-data/hays/filings/2017-09-22__has-ln-20170922-h2-8k__671210.md
Hays plc,HAS,2016-09-27,STRUCTURED_RESULT,h2-8k,FY2016H2,1.0,FY 2016,Annual Report and Financial Statements,challenge/offline-data/hays/filings/2016-09-27__has-ln-20160927-h2-8k__671209.md
Hays plc,HAS,2015-09-18,STRUCTURED_RESULT,h2-8k,FY2015H2,1.0,FY 2015,Annual Report and Financial Statements,challenge/offline-data/hays/filings/2015-09-18__has-ln-20150918-h2-8k__671208.md
