fiscal_period,fiscal_year,fiscal_quarter,period_end,cost_of_sales,cost_of_sales_growth,dividend_per_share,eps,eps_basic,eps_diluted,inventories,inventories_growth,net_income,net_income_growth,operating_cash_flow,operating_margin_rate,operating_profit,profit_before_tax,rd_expense,revenue,revenue_growth,share_count,share_count_basic,share_count_diluted,total_assets
FY2014Q4,2014,4,2014-10-28,5195.5,,151.6,,2.05,2.03,,,681.3,,,,,,323.7,7398.5,,,371.9,375.4,
FY2015Q1,2015,1,,,,209.9,,,,,508.1,0.4,,,,,,,,,,,,
FY2015Q4,2015,4,2015-10-28,4420.6,,-209.9,,1.13,1.12,,-603.9,386.9,,,,,,333.2,5605.1,,,343.1,345.7,
FY2016Q1,2016,1,2016-01-31,,,0.6,,,,,,254.4,,,,408.0,,,5525.0,,316.4,,,57918.0
FY2016Q2,2016,2,2016-05-01,,,0.6,,,,,,495.4,,,,848.0,,,7875.0,,315.1,,,
FY2016Q3,2016,3,2016-07-31,,,0.6,,,,,,488.8,,,,,,,,,314.3,,,
FY2016Q4,2016,4,2016-10-28,3840.1,,-193.1,,0.8,0.8,,-565.3,253.8,,,,,,319.3,4769.2,,,314.3,315.7,
FY2017Q1,2017,1,2017-01-29,,,0.6,,,,,,193.8,,,,416.0,,,5625.0,,316.7,,,56297.0
FY2017Q2,2017,2,2017-04-30,,,0.6,,,,,,802.4,,,,1271.0,,,8287.0,,319.2,,,
FY2017Q3,2017,3,2017-07-30,,,0.6,,,,,,641.8,,,,,,,8810.0,,320.8,,,
FY2017Q4,2017,4,2017-10-28,3781.5,,,,0.63,0.62,,,802.2,,,,,,312.1,4697.8,,,316.7,319.7,
FY2018Q1,2018,1,2018-01-28,,-48.0,0.6,,,-1.66,,-1099.7,425.3,,,1.8,32.0,,357.0,1731.0,,322.8,,,66577.0
FY2018Q2,2018,2,2018-04-29,,36.0,0.6,,,3.67,,,104.0,,,9.6,259.0,,415.0,2698.0,,324.2,,,
FY2018Q3,2018,3,2018-07-29,,-10.0,0.6,,,2.78,,,151.0,,,9.4,196.0,,416.0,2993.0,,323.5,,,
FY2018Q4,2018,4,2018-10-28,6381.0,,0.69,,2.45,2.42,,,911.0,,,,1063.0,,470.0,9416.0,,,320.3,324.7,
FY2019Q1,2019,1,2019-01-27,,-5.0,0.69,,,1.54,,-1289.7,153.9,,,7.4,229.0,,407.0,2260.0,,318.5,,,69918.0
FY2019Q2,2019,2,2019-04-28,,12.0,0.76,,,3.52,,,121.0,,,11.6,347.0,,457.0,2991.0,,317.9,,,
FY2019Q3,2019,3,2019-07-28,6871.0,-8.0,0.76,,,2.81,,,175.0,,,10.3,204.0,,431.0,3023.0,,315.9,,,
FY2019Q4,2019,4,2019-10-28,5432.0,,0.76,,2.3,2.27,,-1396.0,500.0,,,,916.0,,407.0,6941.0,,,313.9,317.9,
FY2020Q1,2020,1,2020-02-02,9.0,11.0,0.76,,1.56,1.54,,,500.0,,30.0,4.5,93.0,,3.0,6530.0,,313.5,313.5,317.2,71821.0
FY2020Q2,2020,2,2020-05-03,,81.0,0.76,,,2.11,,,606.0,,,4.3,96.0,,406.0,2256.0,,313.2,,,
FY2020Q3,2020,3,2020-08-02,5836.0,-28.0,0.76,,,2.57,,,628.0,,,9.4,205.0,,370.0,2187.0,,313.0,,,
FY2020Q4,2020,4,2020-10-28,13.0,,0.76,,1.65,1.63,,-642.0,518.0,,,,1305.0,,5.0,6530.0,,,313.2,316.2,
FY2021Q1,2021,1,2021-01-31,3.0,-52.0,0.76,,,3.87,,,204.0,,,10.9,268.0,,366.0,2467.0,,313.5,,,84114.0
FY2021Q2,2021,2,2021-05-02,-1.0,-48.0,0.76,,,5.68,,,222.0,,,15.9,489.0,297.0,377.0,3079.0,,312.8,,,
FY2021Q3,2021,3,2021-08-01,7574.0,-7.0,0.9,0.9,5.36,5.32,,,227.0,,,,1952.0,,394.0,10413.0,,311.0,311.0,313.4,
FY2021Q4,2021,4,2021-10-28,5805.0,,0.9,0.76,3.9,3.87,,-926.0,1224.0,,,,1692.0,,366.0,8051.0,,,309.1,311.5,
FY2022Q1,2022,1,2022-01-30,,-1.0,-42.0,0.1,,2.92,,-20.0,673.0,,,8.8,272.0,,402.0,2544.0,,307.4,,,79614.0
FY2022Q2,2022,2,2022-05-01,-1.0,-79.0,1.05,1.05,6.85,6.81,8.0,,208.0,,,14.6,520.0,281.0,453.0,12034.0,-1.0,306.2,306.2,308.1,
FY2022Q3,2022,3,,-1.0,-29.0,1.13,1.05,6.2,6.16,4.0,,209.0,,,15.2,514.0,288.0,481.0,13000.0,-1.0,304.1,304.1,305.7,
FY2022Q4,2022,4,2022-10-28,-1.0,,1.05,1.05,2.94,2.92,,-1297.0,904.0,,,,2957.0,298.0,402.0,8531.0,,,300.4,302.1,
FY2023Q1,2023,1,2023-01-29,-6.0,5.0,-3.0,0.1,,,,-25.0,1772.0,,,14.9,447.0,238.0,495.0,3001.0,1.0,297.6,,,
FY2023Q2,2023,2,,10730.0,59.0,1.25,1.2,9.69,9.65,,,28.0,,,20.4,838.0,44.0,547.0,16079.0,-2.0,295.1,295.1,296.5,
FY2023Q3,2023,3,,-6.0,-78.0,-1.0,1.25,10.24,10.2,,,1.0,,,19.1,716.0,288.0,528.0,14284.0,3.0,290.8,290.8,292.1,
FY2023Q4,2023,4,2023-10-28,-6.0,,1.2,1.13,6.58,6.55,,-1279.0,190.0,,,,3025.0,230.0,495.0,11402.0,,,285.5,286.9,
FY2024Q1,2024,1,2024-01-28,-7.0,-30.0,1.47,1.35,6.25,6.23,-36.0,,207.0,209.0,,13.4,326.0,259.0,533.0,2425.0,5.0,279.9,279.9,281.1,
FY2024Q2,2024,2,,9157.0,9.0,-1.0,1.47,8.56,8.53,,,162.0,,,17.4,571.0,211.0,565.0,13610.0,-2.0,276.8,276.8,277.9,
FY2024Q3,2024,3,,7848.0,36.0,-1.0,1.47,6.32,6.29,,,153.0,,,13.8,448.0,194.0,567.0,11387.0,-3.0,274.5,274.5,275.6,
FY2024Q4,2024,4,2024-10-28,-7.0,,1.47,1.35,4.57,4.55,,-723.0,1748.0,,,,1450.0,233.0,533.0,9275.0,,,272.6,273.6,
FY2025Q1,2025,1,2025-01-26,-8.0,35.0,1.62,1.47,3.2,3.19,-11.0,,230.0,140.0,,3.3,65.0,269.0,526.0,6809.0,-7.0,271.6,271.6,272.3,
FY2025Q2,2025,2,,-8.0,-7.0,-439.0,1.62,6.65,6.64,,,161.0,,,12.9,207.0,207.0,549.0,11171.0,4.0,271.1,271.1,271.8,
FY2025Q3,2025,3,,7570.0,-21.0,1.62,1.62,4.76,4.75,,,205.0,,,7.7,237.0,,556.0,10357.0,1.0,270.7,270.7,271.4,
FY2025Q4,2025,4,2025-10-28,-6.0,,1.62,1.47,3.2,3.19,,-795.0,867.0,,,,1351.0,376.0,526.0,6809.0,,,270.3,271.1,
FY2026Q1,2026,1,2026-02-01,-11.0,-67.0,,,2.43,2.42,,,244.0,,,,-196.0,290.0,554.0,8001.0,5.0,270.3,,,
FY2026Q2,2026,2,,8266.0,-28.0,1.62,1.62,6.57,6.55,,,190.0,,,,-518.0,,583.0,11778.0,-1.0,270.1,270.1,270.8,
FY2026Q4,2026,4,2026-10-28,6280.0,,1.62,1.62,2.43,2.42,,-746.0,655.0,,,,,,554.0,8001.0,,,270.3,270.9,
