company,ticker,fiscal_period,fiscal_year,fiscal_quarter,period_months,period_end,category,net_sales,operating_profit,operating_margin_pct,unit,sources,sales_mix_pct
Home Depot,HD,FY2009,2009,,12,2010-01-28,%,,,,,2015-02-24__hd-us-20150224-q4-10k__437577.md:2132,
Home Depot,HD,FY2010,2010,,12,2011-01-28,%,,,,,2015-02-24__hd-us-20150224-q4-10k__437577.md:2132; 2015-03-26__hd-us-20150326-fy-10k__778728.md:2236,
Home Depot,HD,FY2012,2012,,12,2013-01-28,%,,,,,2015-02-24__hd-us-20150224-q4-10k__437577.md:2132,
Home Depot,HD,FY2013,2013,,12,2014-01-28,%,,,,,2015-02-24__hd-us-20150224-q4-10k__437577.md:2132,
Home Depot,HD,FY2014,2014,,12,2015-01-28,%,,,,,2016-02-23__hd-us-20160223-q4-10k__437576.md:2240,
Home Depot,HD,FY2015,2015,,12,2016-01-28,%,,,,,2017-02-21__hd-us-20170221-q4-10k__437574.md:2226,
Home Depot,HD,FY2015,2015,,12,2016-01-28,dollars in millions,,14.4,,,2019-03-28__hd-us-20190328-fy-10k__778686.md:802; 2019-03-28__hd-us-20190328-fy-10k__778686.md:808,
Home Depot,HD,FY2016,2016,,12,2017-04-30,dollars in millions,108203.0,13699.0,,USDm,2018-05-15__hd-us-20180515-q1-10q__437628.md:666; 2018-05-15__hd-us-20180515-q1-10q__437628.md:669; 2018-08-14__hd-us-20180814-q2-10q__437634.md:744,100.0
Home Depot,HD,FY2017Q1,2017,1,3,2017-04-30,%,,,,,2018-05-15__hd-us-20180515-q1-10q__437628.md:611,
Home Depot,HD,FY2017Q1,2017,1,3,2017-04-30,dollars in millions,23887.0,3349.0,,USDm,2018-05-15__hd-us-20180515-q1-10q__437628.md:589; 2018-05-15__hd-us-20180515-q1-10q__437628.md:590; 2018-05-15__hd-us-20180515-q1-10q__437628.md:595,100.0
Home Depot,HD,FY2017Q2,2017,2,3,2017-07-30,%,,,,,2018-08-14__hd-us-20180814-q2-10q__437634.md:627,
Home Depot,HD,FY2017Q2,2017,2,3,2017-07-30,dollars in millions,28108.0,4463.0,,USDm,2018-08-14__hd-us-20180814-q2-10q__437634.md:605; 2018-08-14__hd-us-20180814-q2-10q__437634.md:606; 2018-08-14__hd-us-20180814-q2-10q__437634.md:611,100.0
Home Depot,HD,FY2017Q3,2017,3,3,2017-10-29,%,,,,,2018-11-13__hd-us-20181113-q3-10q__437630.md:621,
Home Depot,HD,FY2017Q3,2017,3,3,2017-10-29,dollars in millions,25026.0,3680.0,,USDm,2018-11-13__hd-us-20181113-q3-10q__437630.md:599; 2018-11-13__hd-us-20181113-q3-10q__437630.md:600; 2018-11-13__hd-us-20181113-q3-10q__437630.md:605,100.0
Home Depot,HD,FY2017,2017,,6,2017-07-30,%,,,,,2018-08-14__hd-us-20180814-q2-10q__437634.md:695,
Home Depot,HD,FY2017,2017,,9,2017-10-29,%,,,,,2018-11-13__hd-us-20181113-q3-10q__437630.md:693,
Home Depot,HD,FY2017,2017,,12,2018-04-29,dollars in millions,110225.0,14713.0,,USDm,2018-05-15__hd-us-20180515-q1-10q__437628.md:666; 2018-05-15__hd-us-20180515-q1-10q__437628.md:669; 2018-08-14__hd-us-20180814-q2-10q__437634.md:744,100.0
Home Depot,HD,FY2017,2017,,6,2017-07-30,dollars in millions,51995.0,7812.0,,USDm,2018-08-14__hd-us-20180814-q2-10q__437634.md:673; 2018-08-14__hd-us-20180814-q2-10q__437634.md:674; 2018-08-14__hd-us-20180814-q2-10q__437634.md:679,100.0
Home Depot,HD,FY2017,2017,,9,2017-10-29,dollars in millions,77021.0,11492.0,,USDm,2018-11-13__hd-us-20181113-q3-10q__437630.md:671; 2018-11-13__hd-us-20181113-q3-10q__437630.md:672; 2018-11-13__hd-us-20181113-q3-10q__437630.md:677,100.0
Home Depot,HD,FY2018Q1,2018,1,3,2018-04-29,%,,,,,2018-05-15__hd-us-20180515-q1-10q__437628.md:611,
Home Depot,HD,FY2018Q1,2018,1,3,2018-04-29,dollars in millions,24947.0,3381.0,,USDm,2018-05-15__hd-us-20180515-q1-10q__437628.md:589; 2018-05-15__hd-us-20180515-q1-10q__437628.md:590; 2018-05-15__hd-us-20180515-q1-10q__437628.md:595,100.0
Home Depot,HD,FY2018Q2,2018,2,3,2018-07-29,%,,,,,2018-08-14__hd-us-20180814-q2-10q__437634.md:627,
Home Depot,HD,FY2018Q2,2018,2,3,2018-07-29,dollars in millions,30463.0,4901.0,,USDm,2018-08-14__hd-us-20180814-q2-10q__437634.md:605; 2018-08-14__hd-us-20180814-q2-10q__437634.md:606; 2018-08-14__hd-us-20180814-q2-10q__437634.md:611,100.0
Home Depot,HD,FY2018Q3,2018,3,3,2018-10-28,%,,,,,2018-11-13__hd-us-20181113-q3-10q__437630.md:621,
Home Depot,HD,FY2018Q3,2018,3,3,2018-10-28,dollars in millions,26302.0,3870.0,,USDm,2018-11-13__hd-us-20181113-q3-10q__437630.md:599; 2018-11-13__hd-us-20181113-q3-10q__437630.md:600; 2018-11-13__hd-us-20181113-q3-10q__437630.md:605,100.0
Home Depot,HD,FY2018,2018,,6,2018-07-29,%,,,,,2018-08-14__hd-us-20180814-q2-10q__437634.md:695,
Home Depot,HD,FY2018,2018,,9,2018-10-28,%,,,,,2018-11-13__hd-us-20181113-q3-10q__437630.md:693,
Home Depot,HD,FY2018,2018,,6,2018-07-29,dollars in millions,55410.0,8282.0,,USDm,2018-08-14__hd-us-20180814-q2-10q__437634.md:673; 2018-08-14__hd-us-20180814-q2-10q__437634.md:674; 2018-08-14__hd-us-20180814-q2-10q__437634.md:679,100.0
Home Depot,HD,FY2018,2018,,9,2018-10-28,dollars in millions,81712.0,12152.0,,USDm,2018-11-13__hd-us-20181113-q3-10q__437630.md:671; 2018-11-13__hd-us-20181113-q3-10q__437630.md:672; 2018-11-13__hd-us-20181113-q3-10q__437630.md:677,100.0
Home Depot,HD,FY2018,2018,,12,2019-05-05,dollars in millions,132110.0,15746.0,,USDm,2019-05-21__hd-us-20190521-q1-10q__437621.md:797; 2019-05-21__hd-us-20190521-q1-10q__437621.md:800; 2019-08-20__hd-us-20190820-q2-10q__437627.md:878,100.0
Home Depot,HD,FY2019Q1,2019,1,3,2019-05-05,%,,,,,2019-05-21__hd-us-20190521-q1-10q__437621.md:744,
Home Depot,HD,FY2019Q1,2019,1,3,2019-05-05,dollars in millions,26381.0,3597.0,,USDm,2019-05-21__hd-us-20190521-q1-10q__437621.md:722; 2019-05-21__hd-us-20190521-q1-10q__437621.md:723; 2019-05-21__hd-us-20190521-q1-10q__437621.md:728,100.0
Home Depot,HD,FY2019Q2,2019,2,3,2019-08-04,%,,,,,2019-08-20__hd-us-20190820-q2-10q__437627.md:757,
Home Depot,HD,FY2019Q2,2019,2,3,2019-08-04,dollars in millions,30839.0,4896.0,,USDm,2019-08-20__hd-us-20190820-q2-10q__437627.md:735; 2019-08-20__hd-us-20190820-q2-10q__437627.md:736; 2019-08-20__hd-us-20190820-q2-10q__437627.md:741,100.0
Home Depot,HD,FY2019Q3,2019,3,3,2019-11-03,%,,,,,2019-11-19__hd-us-20191119-q3-10q__437624.md:775,
Home Depot,HD,FY2019Q3,2019,3,3,2019-11-03,dollars in millions,27223.0,3947.0,,USDm,2019-11-19__hd-us-20191119-q3-10q__437624.md:753; 2019-11-19__hd-us-20191119-q3-10q__437624.md:754; 2019-11-19__hd-us-20191119-q3-10q__437624.md:759,100.0
Home Depot,HD,FY2019,2019,,6,2019-08-04,%,,,,,2019-08-20__hd-us-20190820-q2-10q__437627.md:827,
Home Depot,HD,FY2019,2019,,9,2019-11-03,%,,,,,2019-11-19__hd-us-20191119-q3-10q__437624.md:847,
Home Depot,HD,FY2019,2019,,6,2019-08-04,dollars in millions,57220.0,8493.0,,USDm,2019-08-20__hd-us-20190820-q2-10q__437627.md:805; 2019-08-20__hd-us-20190820-q2-10q__437627.md:806; 2019-08-20__hd-us-20190820-q2-10q__437627.md:811,100.0
Home Depot,HD,FY2019,2019,,9,2019-11-03,dollars in millions,84443.0,12440.0,,USDm,2019-11-19__hd-us-20191119-q3-10q__437624.md:825; 2019-11-19__hd-us-20191119-q3-10q__437624.md:826; 2019-11-19__hd-us-20191119-q3-10q__437624.md:831,100.0
Home Depot,HD,FY2019,2019,,12,2020-05-03,dollars in millions,151157.0,15522.0,,USDm,2020-05-19__hd-us-20200519-q1-10q__437622.md:834; 2020-05-19__hd-us-20200519-q1-10q__437622.md:837; 2020-08-17__hd-us-20200817-q2-10q__101839.md:972,100.0
Home Depot,HD,FY2020Q1,2020,1,3,2020-05-03,%,,,,,2020-05-19__hd-us-20200519-q1-10q__437622.md:777,
Home Depot,HD,FY2020Q1,2020,1,3,2020-05-03,dollars in millions,28260.0,3276.0,,USDm,2020-05-19__hd-us-20200519-q1-10q__437622.md:755; 2020-05-19__hd-us-20200519-q1-10q__437622.md:756; 2020-05-19__hd-us-20200519-q1-10q__437622.md:761,100.0
Home Depot,HD,FY2020Q2,2020,2,3,2020-08-02,%,,,,,2020-08-17__hd-us-20200817-q2-10q__101839.md:797,
Home Depot,HD,FY2020Q2,2020,2,3,2020-08-02,dollars in millions,38053.0,6067.0,,USDm,2020-08-17__hd-us-20200817-q2-10q__101839.md:775; 2020-08-17__hd-us-20200817-q2-10q__101839.md:776; 2020-08-17__hd-us-20200817-q2-10q__101839.md:781,100.0
Home Depot,HD,FY2020Q3,2020,3,3,2020-11-01,%,,,,,2020-11-17__hd-us-20201117-q3-10q__101837.md:814,
Home Depot,HD,FY2020Q3,2020,3,3,2020-11-01,dollars in millions,33536.0,4852.0,,USDm,2020-11-17__hd-us-20201117-q3-10q__101837.md:792; 2020-11-17__hd-us-20201117-q3-10q__101837.md:793; 2020-11-17__hd-us-20201117-q3-10q__101837.md:798,100.0
Home Depot,HD,FY2020,2020,,6,2020-08-02,%,,,,,2020-08-17__hd-us-20200817-q2-10q__101839.md:871,
Home Depot,HD,FY2020,2020,,9,2020-11-01,%,,,,,2020-11-17__hd-us-20201117-q3-10q__101837.md:888,
Home Depot,HD,FY2020,2020,,6,2020-08-02,dollars in millions,66313.0,9343.0,,USDm,2020-08-17__hd-us-20200817-q2-10q__101839.md:849; 2020-08-17__hd-us-20200817-q2-10q__101839.md:850; 2020-08-17__hd-us-20200817-q2-10q__101839.md:855,100.0
Home Depot,HD,FY2020,2020,,9,2020-11-01,dollars in millions,99849.0,14195.0,,USDm,2020-11-17__hd-us-20201117-q3-10q__101837.md:866; 2020-11-17__hd-us-20201117-q3-10q__101837.md:867; 2020-11-17__hd-us-20201117-q3-10q__101837.md:872,100.0
Home Depot,HD,FY2020,2020,,12,2021-05-02,dollars in millions,157403.0,20783.0,,USDm,2021-05-18__hd-us-20210518-q1-10q__101836.md:753; 2021-05-18__hd-us-20210518-q1-10q__101836.md:756; 2021-08-17__hd-us-20210817-q2-10q__101831.md:837,100.0
Home Depot,HD,FY2021Q1,2021,1,3,2021-05-02,%,,,,,2021-05-18__hd-us-20210518-q1-10q__101836.md:694,
Home Depot,HD,FY2021Q1,2021,1,3,2021-05-02,dollars in millions,37500.0,5781.0,,USDm,2021-05-18__hd-us-20210518-q1-10q__101836.md:672; 2021-05-18__hd-us-20210518-q1-10q__101836.md:673; 2021-05-18__hd-us-20210518-q1-10q__101836.md:678,100.0
Home Depot,HD,FY2021Q2,2021,2,3,2021-08-01,%,,,,,2021-08-17__hd-us-20210817-q2-10q__101831.md:702,
Home Depot,HD,FY2021Q2,2021,2,3,2021-08-01,dollars in millions,41118.0,6639.0,,USDm,2021-08-17__hd-us-20210817-q2-10q__101831.md:680; 2021-08-17__hd-us-20210817-q2-10q__101831.md:681; 2021-08-17__hd-us-20210817-q2-10q__101831.md:686,100.0
Home Depot,HD,FY2021Q3,2021,3,3,2021-10-31,%,,,,,2021-11-16__hd-us-20211116-q3-10q__101833.md:734,
Home Depot,HD,FY2021Q3,2021,3,3,2021-10-31,dollars in millions,36820.0,5795.0,,USDm,2021-11-16__hd-us-20211116-q3-10q__101833.md:712; 2021-11-16__hd-us-20211116-q3-10q__101833.md:713; 2021-11-16__hd-us-20211116-q3-10q__101833.md:718,100.0
Home Depot,HD,FY2021,2021,,6,2021-08-01,%,,,,,2021-08-17__hd-us-20210817-q2-10q__101831.md:780,
Home Depot,HD,FY2021,2021,,9,2021-10-31,%,,,,,2021-11-16__hd-us-20211116-q3-10q__101833.md:812,
Home Depot,HD,FY2021,2021,,6,2021-08-01,dollars in millions,78618.0,12420.0,,USDm,2021-08-17__hd-us-20210817-q2-10q__101831.md:758; 2021-08-17__hd-us-20210817-q2-10q__101831.md:759; 2021-08-17__hd-us-20210817-q2-10q__101831.md:764,100.0
Home Depot,HD,FY2021,2021,,9,2021-10-31,dollars in millions,115438.0,18215.0,,USDm,2021-11-16__hd-us-20211116-q3-10q__101833.md:790; 2021-11-16__hd-us-20211116-q3-10q__101833.md:791; 2021-11-16__hd-us-20211116-q3-10q__101833.md:796,100.0
Home Depot,HD,FY2021,2021,,12,2022-05-01,dollars in millions,152669.0,23188.0,,USDm,2022-05-17__hd-us-20220517-q1-10q__101822.md:782; 2022-05-17__hd-us-20220517-q1-10q__101822.md:785; 2022-08-16__hd-us-20220816-q2-10q__101824.md:882,100.0
Home Depot,HD,FY2022Q1,2022,1,3,2022-05-01,%,,,,,2022-05-17__hd-us-20220517-q1-10q__101822.md:725,
Home Depot,HD,FY2022Q1,2022,1,3,2022-05-01,dollars in millions,38908.0,5929.0,,USDm,2022-05-17__hd-us-20220517-q1-10q__101822.md:703; 2022-05-17__hd-us-20220517-q1-10q__101822.md:704; 2022-05-17__hd-us-20220517-q1-10q__101822.md:709,100.0
Home Depot,HD,FY2022Q2,2022,2,3,2022-07-31,%,,,,,2022-08-16__hd-us-20220816-q2-10q__101824.md:727,
Home Depot,HD,FY2022Q2,2022,2,3,2022-07-31,dollars in millions,43792.0,7210.0,,USDm,2022-08-16__hd-us-20220816-q2-10q__101824.md:705; 2022-08-16__hd-us-20220816-q2-10q__101824.md:706; 2022-08-16__hd-us-20220816-q2-10q__101824.md:711,100.0
Home Depot,HD,FY2022Q3,2022,3,3,2022-10-30,%,,,,,2022-11-15__hd-us-20221115-q3-10q__101826.md:747,
Home Depot,HD,FY2022Q3,2022,3,3,2022-10-30,dollars in millions,38872.0,6148.0,,USDm,2022-11-15__hd-us-20221115-q3-10q__101826.md:725; 2022-11-15__hd-us-20221115-q3-10q__101826.md:726; 2022-11-15__hd-us-20221115-q3-10q__101826.md:731,100.0
Home Depot,HD,FY2022,2022,,6,2022-07-31,%,,,,,2022-08-16__hd-us-20220816-q2-10q__101824.md:813,
Home Depot,HD,FY2022,2022,,9,2022-10-30,%,,,,,2022-11-15__hd-us-20221115-q3-10q__101826.md:833,
Home Depot,HD,FY2022,2022,,6,2022-07-31,dollars in millions,82700.0,13139.0,,USDm,2022-08-16__hd-us-20220816-q2-10q__101824.md:791; 2022-08-16__hd-us-20220816-q2-10q__101824.md:792; 2022-08-16__hd-us-20220816-q2-10q__101824.md:797,100.0
Home Depot,HD,FY2022,2022,,9,2022-10-30,dollars in millions,121572.0,19287.0,,USDm,2022-11-15__hd-us-20221115-q3-10q__101826.md:811; 2022-11-15__hd-us-20221115-q3-10q__101826.md:812; 2022-11-15__hd-us-20221115-q3-10q__101826.md:817,100.0
Home Depot,HD,FY2022,2022,,12,2023-04-30,dollars in millions,159514.0,23661.0,,USDm,2023-05-16__hd-us-20230516-q1-10q__101841.md:1019; 2023-05-16__hd-us-20230516-q1-10q__101841.md:1022; 2023-08-15__hd-us-20230815-q2-10q__101816.md:1139,100.0
Home Depot,HD,FY2023Q1,2023,1,3,2023-04-30,%,,,,,2023-05-16__hd-us-20230516-q1-10q__101841.md:926,
Home Depot,HD,FY2023Q1,2023,1,3,2023-04-30,dollars in millions,37257.0,5551.0,,USDm,2023-05-16__hd-us-20230516-q1-10q__101841.md:904; 2023-05-16__hd-us-20230516-q1-10q__101841.md:905; 2023-05-16__hd-us-20230516-q1-10q__101841.md:910,100.0
Home Depot,HD,FY2023Q2,2023,2,3,2023-07-30,%,,,,,2023-08-15__hd-us-20230815-q2-10q__101816.md:934,
Home Depot,HD,FY2023Q2,2023,2,3,2023-07-30,dollars in millions,42916.0,6589.0,,USDm,2023-08-15__hd-us-20230815-q2-10q__101816.md:912; 2023-08-15__hd-us-20230815-q2-10q__101816.md:913; 2023-08-15__hd-us-20230815-q2-10q__101816.md:918,100.0
Home Depot,HD,FY2023Q3,2023,3,3,2023-10-29,%,,,,,2023-11-14__hd-us-20231114-q3-10q__101828.md:947,
Home Depot,HD,FY2023Q3,2023,3,3,2023-10-29,dollars in millions,37710.0,5406.0,,USDm,2023-11-14__hd-us-20231114-q3-10q__101828.md:925; 2023-11-14__hd-us-20231114-q3-10q__101828.md:926; 2023-11-14__hd-us-20231114-q3-10q__101828.md:931,100.0
Home Depot,HD,FY2023,2023,,6,2023-07-30,%,,,,,2023-08-15__hd-us-20230815-q2-10q__101816.md:1043,
Home Depot,HD,FY2023,2023,,9,2023-10-29,%,,,,,2023-11-14__hd-us-20231114-q3-10q__101828.md:1057,
Home Depot,HD,FY2023,2023,,6,2023-07-30,dollars in millions,80173.0,12140.0,,USDm,2023-08-15__hd-us-20230815-q2-10q__101816.md:1021; 2023-08-15__hd-us-20230815-q2-10q__101816.md:1022; 2023-08-15__hd-us-20230815-q2-10q__101816.md:1027,100.0
Home Depot,HD,FY2023,2023,,9,2023-10-29,dollars in millions,117883.0,17546.0,,USDm,2023-11-14__hd-us-20231114-q3-10q__101828.md:1035; 2023-11-14__hd-us-20231114-q3-10q__101828.md:1036; 2023-11-14__hd-us-20231114-q3-10q__101828.md:1041,100.0
Home Depot,HD,FY2023,2023,,12,2024-04-28,dollars in millions,164683.0,21217.0,,USDm,2024-05-14__hd-us-20240514-q1-10q__101821.md:1039; 2024-05-14__hd-us-20240514-q1-10q__101821.md:1042; 2024-08-13__hd-us-20240813-q2-10q__101825.md:1421,100.0
Home Depot,HD,FY2024Q1,2024,1,3,2024-04-28,%,,,,,2024-05-14__hd-us-20240514-q1-10q__101821.md:937,
Home Depot,HD,FY2024Q1,2024,1,3,2024-04-28,dollars in millions,36418.0,5079.0,,USDm,2024-05-14__hd-us-20240514-q1-10q__101821.md:915; 2024-05-14__hd-us-20240514-q1-10q__101821.md:916; 2024-05-14__hd-us-20240514-q1-10q__101821.md:921,100.0
Home Depot,HD,FY2024Q2,2024,2,3,2024-07-28,%,,,,,2024-08-13__hd-us-20240813-q2-10q__101825.md:1206,
Home Depot,HD,FY2024Q2,2024,2,3,2024-07-28,dollars in millions,43175.0,6534.0,,USDm,2024-08-13__hd-us-20240813-q2-10q__101825.md:1184; 2024-08-13__hd-us-20240813-q2-10q__101825.md:1185; 2024-08-13__hd-us-20240813-q2-10q__101825.md:1190,100.0
Home Depot,HD,FY2024Q3,2024,3,3,2024-10-27,%,,,,,2024-11-12__hd-us-20241112-q3-10q__101846.md:1234,
Home Depot,HD,FY2024Q3,2024,3,3,2024-10-27,dollars in millions,40217.0,5418.0,,USDm,2024-11-12__hd-us-20241112-q3-10q__101846.md:1212; 2024-11-12__hd-us-20241112-q3-10q__101846.md:1213; 2024-11-12__hd-us-20241112-q3-10q__101846.md:1218,100.0
Home Depot,HD,FY2024,2024,,6,2024-07-28,%,,,,,2024-08-13__hd-us-20240813-q2-10q__101825.md:1326,
Home Depot,HD,FY2024,2024,,9,2024-10-27,%,,,,,2024-11-12__hd-us-20241112-q3-10q__101846.md:1357,
Home Depot,HD,FY2024,2024,,6,2024-07-28,dollars in millions,79593.0,11613.0,,USDm,2024-08-13__hd-us-20240813-q2-10q__101825.md:1304; 2024-08-13__hd-us-20240813-q2-10q__101825.md:1305; 2024-08-13__hd-us-20240813-q2-10q__101825.md:1310,100.0
Home Depot,HD,FY2024,2024,,9,2024-10-27,dollars in millions,119810.0,17031.0,,USDm,2024-11-12__hd-us-20241112-q3-10q__101846.md:1335; 2024-11-12__hd-us-20241112-q3-10q__101846.md:1336; 2024-11-12__hd-us-20241112-q3-10q__101846.md:1341,100.0
Home Depot,HD,FY2024,2024,,12,2025-08-03,dollars in millions,,21601.0,,,2025-08-25__hd-us-20250825-q2-10q__144029.md:1055,
Home Depot,HD,FY2025Q1,2025,1,3,2025-05-04,%,,,,,2025-05-20__hd-us-20250520-q1-10q__101832.md:1045,
Home Depot,HD,FY2025Q1,2025,1,3,2025-05-04,dollars in millions,39856.0,5133.0,,USDm,2025-05-20__hd-us-20250520-q1-10q__101832.md:1023; 2025-05-20__hd-us-20250520-q1-10q__101832.md:1024; 2025-05-20__hd-us-20250520-q1-10q__101832.md:1029,100.0
Home Depot,HD,FY2025Q2,2025,2,3,2025-08-03,dollars in millions,,6555.0,,,2025-08-25__hd-us-20250825-q2-10q__144029.md:858; 2025-08-25__hd-us-20250825-q2-10q__144029.md:863,
Home Depot,HD,FY2025Q3,2025,3,3,2025-11-02,%,,,,,2025-11-18__hd-us-20251118-q3-10q__437649.md:970,
Home Depot,HD,FY2025Q3,2025,3,3,2025-11-02,dollars in millions,41352.0,5353.0,,USDm,2025-11-18__hd-us-20251118-q3-10q__437649.md:948; 2025-11-18__hd-us-20251118-q3-10q__437649.md:949; 2025-11-18__hd-us-20251118-q3-10q__437649.md:954,100.0
Home Depot,HD,FY2025,2025,,9,2025-11-02,%,,,,,2025-11-18__hd-us-20251118-q3-10q__437649.md:1059,
Home Depot,HD,FY2025,2025,,6,2025-08-03,dollars in millions,,11688.0,,,2025-08-25__hd-us-20250825-q2-10q__144029.md:953; 2025-08-25__hd-us-20250825-q2-10q__144029.md:958,
Home Depot,HD,FY2025,2025,,9,2025-11-02,dollars in millions,126485.0,17041.0,,USDm,2025-11-18__hd-us-20251118-q3-10q__437649.md:1037; 2025-11-18__hd-us-20251118-q3-10q__437649.md:1038; 2025-11-18__hd-us-20251118-q3-10q__437649.md:1043,100.0
Home Depot,HD,FY2026Q1,2026,1,3,2026-05-03,%,,,,,2026-05-19__hd-us-20260519-q1-10q__1053121.md:839,
Home Depot,HD,FY2026Q1,2026,1,3,2026-05-03,dollars in millions,41765.0,4981.0,,USDm,2026-05-19__hd-us-20260519-q1-10q__1053121.md:817; 2026-05-19__hd-us-20260519-q1-10q__1053121.md:818; 2026-05-19__hd-us-20260519-q1-10q__1053121.md:823,100.0
