fiscal_period,fiscal_year,fiscal_quarter,period_end,cost_of_sales,dividend_per_share,eps_adjusted_diluted,eps_basic,eps_diluted,eps_gaap_diluted,gross_margin,inventories_growth,net_income,operating_cash_flow,operating_cash_flow_growth,operating_margin_adjusted_rate,operating_margin_rate,operating_profit,operating_profit_adjusted,operating_profit_gaap,revenue,revenue_growth
FY2013Q4,2013,4,2014-02-02,11504.0,,,,,,6192.0,,,,,,,1761.0,,,17696.0,
FY2014Q1,2014,1,2014-05-04,-98.0,0.47,,1.01,1.0,,131.0,-1272.0,1379.0,2568.0,2568.0,,,2277.0,,,33.0,102.0
FY2014Q2,2014,2,2014-08-03,15804.0,0.47,,1.52,1.52,,8007.0,,2050.0,,,,,3448.0,,,23811.0,
FY2014Q3,2014,3,2014-11-02,13473.0,0.47,,1.16,1.15,,7043.0,,1537.0,,,,,2553.0,,,20516.0,
FY2014Q4,2014,4,2015-02-01,12439.0,,,,,,6723.0,,,,,,,2191.0,,,19162.0,
FY2015Q1,2015,1,2015-05-03,13712.0,0.59,,1.22,1.21,,7179.0,-1198.0,1579.0,3404.0,3404.0,,,2597.0,,,20891.0,131.0
FY2015Q2,2015,2,2015-08-02,16464.0,0.59,,1.74,1.73,,8365.0,,2234.0,,,,,3647.0,,,24829.0,
FY2015Q3,2015,3,2015-11-01,14254.0,0.59,,1.36,1.35,,7565.0,,1725.0,,,,,2981.0,,,21819.0,
FY2015Q4,2015,4,2016-01-31,13824.0,,,1.17,1.17,,7156.0,,1471.0,,,,,2549.0,,,20980.0,
FY2016Q1,2016,1,2016-05-01,14971.0,0.69,,1.45,1.44,,7791.0,-1319.0,1803.0,486.0,3636.0,,,3077.0,,,22762.0,30.0
FY2016Q2,2016,2,2016-07-31,17545.0,0.69,,1.98,1.97,,8927.0,,2441.0,,,,,4103.0,,,26472.0,
FY2016Q3,2016,3,2016-10-30,15112.0,0.69,,1.61,1.6,,8042.0,,1969.0,,,,,3320.0,,,23154.0,
FY2016Q4,2016,4,2017-01-29,14654.0,,,1.45,1.44,,7553.0,,1744.0,,,,,2927.0,,,22207.0,
FY2017Q1,2017,1,2017-04-30,-85.0,0.89,,1.68,1.67,,126.0,-1051.0,2014.0,4564.0,4564.0,,,3349.0,,,33.0,166.0
FY2017Q2,2017,2,2017-07-30,18647.0,0.89,,2.26,2.25,,9461.0,,2672.0,,,,,4463.0,,,28108.0,
FY2017Q3,2017,3,2017-10-29,16378.0,0.89,,1.85,1.84,,8648.0,,2165.0,,,,,3680.0,,,25026.0,
FY2017Q4,2017,4,2018-01-28,15790.0,,,1.53,1.52,,8093.0,,1779.0,,,,,3189.0,,,23883.0,
FY2018Q1,2018,1,2018-04-29,-98.0,1.03,,2.09,2.08,,131.0,-1687.0,2404.0,3981.0,-319.0,,,3381.0,,,33.0,208.0
FY2018Q2,2018,2,2018-07-29,-119.0,1.03,,3.06,3.05,,152.0,,3506.0,,,,,4901.0,,,33.0,
FY2018Q3,2018,3,2018-10-28,-83.0,1.03,,2.53,2.51,,147.0,,2867.0,,,,,3870.0,,,64.0,
FY2018Q4,2018,4,2019-02-03,-82.0,,,,,,168.0,,,,,,,,,,86.0,
FY2019Q1,2019,1,2019-05-05,17364.0,1.36,,2.28,2.27,,9017.0,,2513.0,23.0,-391.0,,,3597.0,,,26381.0,
FY2019Q2,2019,2,2019-08-04,20407.0,1.36,,3.18,3.17,,10432.0,,3479.0,,,,,4896.0,,,30839.0,
FY2019Q3,2019,3,2019-11-03,17836.0,1.36,,2.54,2.53,,9387.0,,2769.0,,,,,3947.0,,,27223.0,
FY2019Q4,2019,4,2020-02-02,17046.0,,,2.29,2.28,,8736.0,,2481.0,,,,,3403.0,,,25782.0,
FY2020Q1,2020,1,2020-05-03,18635.0,1.5,,2.09,2.08,,9625.0,,2245.0,26.0,-534.0,,,3276.0,,,28260.0,
FY2020Q2,2020,2,2020-08-02,25112.0,1.5,,4.04,4.02,,12941.0,,4332.0,,,,,6067.0,,,38053.0,
FY2020Q3,2020,3,2020-11-01,22080.0,1.5,,3.2,3.18,,11456.0,,3432.0,,,,,4852.0,,,33536.0,
FY2020Q4,2020,4,2021-01-31,21430.0,,,2.66,2.65,,10831.0,,2857.0,,,,,4083.0,,,32261.0,
FY2021Q1,2021,1,2021-05-02,24758.0,1.65,,3.87,3.86,,12742.0,,4145.0,6310.0,-640.0,,,5781.0,,,37500.0,
FY2021Q2,2021,2,2021-08-01,27453.0,1.65,,4.54,4.53,,13665.0,,4807.0,,,,,6639.0,,,41118.0,
FY2021Q3,2021,3,2021-10-31,24257.0,1.65,,3.94,3.92,,12563.0,,4129.0,,,,,5795.0,,,36820.0,
FY2021Q4,2021,4,2022-01-30,23857.0,,,3.23,3.21,,11862.0,,3352.0,,,,,4825.0,,,35719.0,
FY2022Q1,2022,1,2022-05-01,25763.0,1.9,,4.11,4.09,,13145.0,,4231.0,3789.0,-489.0,,,5929.0,,,38908.0,
FY2022Q2,2022,2,2022-07-31,29309.0,1.9,,5.06,5.05,,14483.0,,5173.0,,,,,7210.0,,,43792.0,
FY2022Q3,2022,3,2022-10-30,25648.0,1.9,,4.25,4.24,,13224.0,,4339.0,,,,,6148.0,,,38872.0,
FY2022Q4,2022,4,2023-01-29,23905.0,,,3.31,3.3,,11926.0,,3362.0,,,,,4752.0,,,35831.0,
FY2023Q1,2023,1,2023-04-30,24700.0,2.09,,3.83,3.82,,12557.0,,3873.0,5614.0,-893.0,,,5551.0,,,37257.0,
FY2023Q2,2023,2,2023-07-30,28759.0,2.09,,4.66,4.65,,14157.0,,4659.0,,,,,6589.0,,,42916.0,
FY2023Q3,2023,3,2023-10-29,24972.0,2.09,,3.83,3.81,,12738.0,,3810.0,,,,,5406.0,,,37710.0,
FY2023Q4,2023,4,2024-01-28,23278.0,,,2.83,2.82,,11508.0,,2801.0,,,,,4143.0,,,34786.0,
FY2024Q1,2024,1,2024-04-28,23985.0,2.25,,3.64,3.63,,12433.0,,3600.0,5497.0,842.0,,,5079.0,,,36418.0,
FY2024Q2,2024,2,2024-07-28,28759.0,2.25,,4.61,4.6,,14416.0,,4561.0,,,,,72.0,,,1274.0,
FY2024Q3,2024,3,2024-10-27,24532.0,2.25,,3.68,3.67,,13425.0,,3648.0,,,,,200.0,,,2928.0,
FY2025Q1,2025,1,2025-05-04,24384.0,2.3,3.56,3.46,3.45,3.45,13459.0,,3433.0,4325.0,-244.0,13.2,12.9,87.0,5272.0,5133.0,2569.0,
FY2025Q2,2025,2,2025-08-03,30152.0,,,4.59,4.58,,15125.0,,4551.0,,,,,6354.0,,,45277.0,
FY2025Q3,2025,3,2025-11-02,24443.0,2.3,,3.63,3.62,,13815.0,,3601.0,,,,,165.0,,,3890.0,
FY2026Q1,2026,1,2026-05-03,24745.0,2.33,3.43,3.31,3.3,3.3,13781.0,,3289.0,6032.0,1337.0,12.3,11.9,16.0,5152.0,4981.0,4002.0,
