company,ticker,published_at,period,document_type,document_family,source_file,file_size_bytes,has_tables,has_guidance_terms,has_product_terms,has_numeric_content
Home Depot,HD,2012-05-15,Q1 2012,CALL_TRANSCRIPT,call-transcripts,call-transcripts/2012-05-15__hd-us-20120515-call-pres__1534092.md,18958,false,true,true,true
Home Depot,HD,2012-05-15,Q1 2012,CALL_TRANSCRIPT,call-transcripts,call-transcripts/2012-05-15__hd-us-20120515-call-qna__1534098.md,39418,false,true,true,true
Home Depot,HD,2012-06-06,FY 2012,CALL_TRANSCRIPT,call-transcripts,call-transcripts/2012-06-06__hd-us-20120606-call-pres__1534028.md,119356,false,true,true,true
Home Depot,HD,2012-06-06,Q1 2012,CALL_TRANSCRIPT,call-transcripts,call-transcripts/2012-06-06__hd-us-20120606-call-qna__1534029.md,55847,false,true,true,true
Home Depot,HD,2012-08-14,Q2 2012,CALL_TRANSCRIPT,call-transcripts,call-transcripts/2012-08-14__hd-us-20120814-call-pres__1533562.md,19017,false,true,true,true
Home Depot,HD,2012-08-14,Q2 2012,CALL_TRANSCRIPT,call-transcripts,call-transcripts/2012-08-14__hd-us-20120814-call-qna__1533563.md,31984,false,true,true,true
Home Depot,HD,2012-11-13,Q3 2012,CALL_TRANSCRIPT,call-transcripts,call-transcripts/2012-11-13__hd-us-20121113-call-pres__1533058.md,18874,false,true,true,true
Home Depot,HD,2012-11-13,Q3 FY2013,CALL_TRANSCRIPT,call-transcripts,call-transcripts/2012-11-13__hd-us-20121113-call-qna__1533060.md,38350,false,true,true,true
Home Depot,HD,2013-02-26,Q4 2012 and FY 2012,CALL_TRANSCRIPT,call-transcripts,call-transcripts/2013-02-26__hd-us-20130226-call-pres__1532681.md,23076,false,true,true,true
Home Depot,HD,2013-02-26,Q4 2012,CALL_TRANSCRIPT,call-transcripts,call-transcripts/2013-02-26__hd-us-20130226-call-qna__1532683.md,34436,false,true,true,true
Home Depot,HD,2013-05-21,Q1 2013,CALL_TRANSCRIPT,call-transcripts,call-transcripts/2013-05-21__hd-us-20130521-call-pres__1530360.md,18242,false,true,true,true
Home Depot,HD,2013-05-21,Q1 2013,CALL_TRANSCRIPT,call-transcripts,call-transcripts/2013-05-21__hd-us-20130521-call-qna__1530362.md,40010,false,true,true,true
Home Depot,HD,2013-05-23,FY 2012,CALL_TRANSCRIPT,call-transcripts,call-transcripts/2013-05-23__hd-us-20130523-call-agm-pres__1529948.md,23400,false,true,true,true
Home Depot,HD,2013-05-23,FY 2013,CALL_TRANSCRIPT,call-transcripts,call-transcripts/2013-05-23__hd-us-20130523-call-agm-qna__1529951.md,30021,false,true,true,true
Home Depot,HD,2013-08-20,Q2 2013,CALL_TRANSCRIPT,call-transcripts,call-transcripts/2013-08-20__hd-us-20130820-call-pres__1529035.md,19727,false,true,true,true
Home Depot,HD,2013-08-20,Q2 2013,CALL_TRANSCRIPT,call-transcripts,call-transcripts/2013-08-20__hd-us-20130820-call-qna__1529039.md,34341,false,true,true,true
Home Depot,HD,2013-11-19,Q3 2013,CALL_TRANSCRIPT,call-transcripts,call-transcripts/2013-11-19__hd-us-20131119-call-pres__1527989.md,20030,false,true,true,true
Home Depot,HD,2013-11-19,Q3 2013,CALL_TRANSCRIPT,call-transcripts,call-transcripts/2013-11-19__hd-us-20131119-call-qna__1527998.md,36167,false,true,true,true
Home Depot,HD,2013-12-11,FY 2013,CALL_TRANSCRIPT,call-transcripts,call-transcripts/2013-12-11__hd-us-20131211-call-pres__1527797.md,124729,false,true,true,true
Home Depot,HD,2013-12-11,Q3 2014,CALL_TRANSCRIPT,call-transcripts,call-transcripts/2013-12-11__hd-us-20131211-call-qna__1527798.md,46255,false,true,true,true
Home Depot,HD,2014-02-25,FY 2013,CALL_TRANSCRIPT,call-transcripts,call-transcripts/2014-02-25__hd-us-20140225-call-pres__1527249.md,22399,false,true,true,true
Home Depot,HD,2014-02-25,Q4 2013,CALL_TRANSCRIPT,call-transcripts,call-transcripts/2014-02-25__hd-us-20140225-call-qna__1527254.md,30368,false,true,true,true
Home Depot,HD,2014-05-20,Q1 2014,CALL_TRANSCRIPT,call-transcripts,call-transcripts/2014-05-20__hd-us-20140520-call-pres__1526785.md,17210,false,true,true,true
Home Depot,HD,2014-05-20,Q1 2014,CALL_TRANSCRIPT,call-transcripts,call-transcripts/2014-05-20__hd-us-20140520-call-qna__1526787.md,37645,false,true,true,true
Home Depot,HD,2014-05-22,FY 2013,CALL_TRANSCRIPT,call-transcripts,call-transcripts/2014-05-22__hd-us-20140522-call-agm-pres__1526799.md,21932,false,true,true,true
Home Depot,HD,2014-05-22,FY 2013,CALL_TRANSCRIPT,call-transcripts,call-transcripts/2014-05-22__hd-us-20140522-call-agm-qna__1526806.md,10774,false,false,false,true
Home Depot,HD,2014-08-19,Q2 2014,CALL_TRANSCRIPT,call-transcripts,call-transcripts/2014-08-19__hd-us-20140819-call-pres__1524235.md,17268,false,true,true,true
Home Depot,HD,2014-08-19,Q2 2014,CALL_TRANSCRIPT,call-transcripts,call-transcripts/2014-08-19__hd-us-20140819-call-qna__1524239.md,36634,false,true,true,true
Home Depot,HD,2014-11-18,Q3 2014,CALL_TRANSCRIPT,call-transcripts,call-transcripts/2014-11-18__hd-us-20141118-call-pres__1523081.md,17186,false,true,true,true
Home Depot,HD,2014-11-18,Q3 2014,CALL_TRANSCRIPT,call-transcripts,call-transcripts/2014-11-18__hd-us-20141118-call-qna__1523089.md,37727,false,true,true,true
Home Depot,HD,2015-02-24,"Q4 2014, FY 2014",CALL_TRANSCRIPT,call-transcripts,call-transcripts/2015-02-24__hd-us-20150224-call-pres-2__1522399.md,21429,false,true,true,true
Home Depot,HD,2015-02-24,FY 2014,CALL_TRANSCRIPT,call-transcripts,call-transcripts/2015-02-24__hd-us-20150224-call-qna__1522405.md,34508,false,true,true,true
Home Depot,HD,2015-05-19,Q1 2015,CALL_TRANSCRIPT,call-transcripts,call-transcripts/2015-05-19__hd-us-20150519-call-pres-2__1521867.md,18151,false,true,true,true
Home Depot,HD,2015-05-19,Q1 2015,CALL_TRANSCRIPT,call-transcripts,call-transcripts/2015-05-19__hd-us-20150519-call-qna__1521868.md,37497,false,true,true,true
Home Depot,HD,2015-05-21,"FY 2014, FY 2015",CALL_TRANSCRIPT,call-transcripts,call-transcripts/2015-05-21__hd-us-20150521-call-agm-pres-2__1521754.md,22446,false,true,true,true
Home Depot,HD,2015-05-21,FY 2015,CALL_TRANSCRIPT,call-transcripts,call-transcripts/2015-05-21__hd-us-20150521-call-agm-pres-3__1535568.md,27519,false,true,true,true
Home Depot,HD,2015-05-21,FY 2015,CALL_TRANSCRIPT,call-transcripts,call-transcripts/2015-05-21__hd-us-20150521-call-agm-qna__1521758.md,5325,false,true,true,true
Home Depot,HD,2015-08-18,Q2 2015,CALL_TRANSCRIPT,call-transcripts,call-transcripts/2015-08-18__hd-us-20150818-call-pres-2__1517154.md,19287,false,true,true,true
Home Depot,HD,2015-08-18,Q2 2015,CALL_TRANSCRIPT,call-transcripts,call-transcripts/2015-08-18__hd-us-20150818-call-qna__1517155.md,34106,false,true,true,true
Home Depot,HD,2015-11-17,Q3 2015,CALL_TRANSCRIPT,call-transcripts,call-transcripts/2015-11-17__hd-us-20151117-call-pres-2__1515900.md,19758,false,true,true,true
Home Depot,HD,2015-11-17,Q3 2015,CALL_TRANSCRIPT,call-transcripts,call-transcripts/2015-11-17__hd-us-20151117-call-qna__1515903.md,32222,false,true,true,true
Home Depot,HD,2015-12-08,FY 2015,CALL_TRANSCRIPT,call-transcripts,call-transcripts/2015-12-08__hd-us-20151208-call-pres-2__1515796.md,125228,false,true,true,true
Home Depot,HD,2015-12-08,FY 2015,CALL_TRANSCRIPT,call-transcripts,call-transcripts/2015-12-08__hd-us-20151208-call-pres__437724.md,170710,false,true,true,true
Home Depot,HD,2015-12-08,FY 2015,CALL_TRANSCRIPT,call-transcripts,call-transcripts/2015-12-08__hd-us-20151208-call-qna__1515803.md,43885,false,true,true,true
Home Depot,HD,2016-02-23,FY 2015,CALL_TRANSCRIPT,call-transcripts,call-transcripts/2016-02-23__hd-us-20160223-call-pres-2__1515272.md,21300,false,true,true,true
Home Depot,HD,2016-02-23,Q4 2015,CALL_TRANSCRIPT,call-transcripts,call-transcripts/2016-02-23__hd-us-20160223-call-qna__1515278.md,31749,false,true,true,true
Home Depot,HD,2016-05-17,Q1 2016,CALL_TRANSCRIPT,call-transcripts,call-transcripts/2016-05-17__hd-us-20160517-call-pres-2__1482733.md,17637,false,true,true,true
Home Depot,HD,2016-05-17,Q1 2016,CALL_TRANSCRIPT,call-transcripts,call-transcripts/2016-05-17__hd-us-20160517-call-qna__1482735.md,35682,false,true,true,true
Home Depot,HD,2016-05-19,FY 2015,CALL_TRANSCRIPT,call-transcripts,call-transcripts/2016-05-19__hd-us-20160519-call-agm-pres-2__1482616.md,23750,false,true,true,true
Home Depot,HD,2016-05-19,"FY 2015, FY 2016 outlook",CALL_TRANSCRIPT,call-transcripts,call-transcripts/2016-05-19__hd-us-20160519-call-agm-pres-3__1520115.md,29812,false,true,true,true
Home Depot,HD,2016-05-19,Q1 2016,CALL_TRANSCRIPT,call-transcripts,call-transcripts/2016-05-19__hd-us-20160519-call-agm-qna__1482619.md,6269,false,false,true,true
Home Depot,HD,2016-08-16,Q2 2017,CALL_TRANSCRIPT,call-transcripts,call-transcripts/2016-08-16__hd-us-20160816-call-pres-2__1481651.md,18351,false,true,true,true
Home Depot,HD,2016-08-16,Q2 2016,CALL_TRANSCRIPT,call-transcripts,call-transcripts/2016-08-16__hd-us-20160816-call-qna__1481652.md,33543,false,true,true,true
Home Depot,HD,2016-11-15,Q3 2016,CALL_TRANSCRIPT,call-transcripts,call-transcripts/2016-11-15__hd-us-20161115-call-pres-2__1480917.md,17170,false,true,true,true
Home Depot,HD,2016-11-15,Q3 2016,CALL_TRANSCRIPT,call-transcripts,call-transcripts/2016-11-15__hd-us-20161115-call-qna__1480918.md,37293,false,true,true,true
Home Depot,HD,2017-02-21,FY 2016,CALL_TRANSCRIPT,call-transcripts,call-transcripts/2017-02-21__hd-us-20170221-call-pres-2__1480454.md,20792,false,true,true,true
Home Depot,HD,2017-02-21,FY 2016,CALL_TRANSCRIPT,call-transcripts,call-transcripts/2017-02-21__hd-us-20170221-call-qna__1480455.md,27147,false,true,true,true
Home Depot,HD,2017-05-16,Q1 2018,CALL_TRANSCRIPT,call-transcripts,call-transcripts/2017-05-16__hd-us-20170516-call-pres-3__1479694.md,16530,false,true,true,true
Home Depot,HD,2017-05-16,Q1 2017,CALL_TRANSCRIPT,call-transcripts,call-transcripts/2017-05-16__hd-us-20170516-call-qna__1479697.md,34037,false,true,true,true
Home Depot,HD,2017-05-18,FY 2016,CALL_TRANSCRIPT,call-transcripts,call-transcripts/2017-05-18__hd-us-20170518-call-agm-pres-2__1479921.md,27861,false,true,true,true
Home Depot,HD,2017-05-18,FY 2016,CALL_TRANSCRIPT,call-transcripts,call-transcripts/2017-05-18__hd-us-20170518-call-agm-pres-3__1483224.md,37316,false,true,true,true
Home Depot,HD,2017-05-18,FY 2017,CALL_TRANSCRIPT,call-transcripts,call-transcripts/2017-05-18__hd-us-20170518-call-agm-qna__1479922.md,9660,false,false,true,true
Home Depot,HD,2017-08-15,Q2 2018,CALL_TRANSCRIPT,call-transcripts,call-transcripts/2017-08-15__hd-us-20170815-call-pres-3__1478953.md,18706,false,true,true,true
Home Depot,HD,2017-08-15,Q2 2017,CALL_TRANSCRIPT,call-transcripts,call-transcripts/2017-08-15__hd-us-20170815-call-qna__1478958.md,35654,false,true,true,true
Home Depot,HD,2017-11-14,Q3 2018,CALL_TRANSCRIPT,call-transcripts,call-transcripts/2017-11-14__hd-us-20171114-call-pres-2__1478093.md,16497,false,true,true,true
Home Depot,HD,2017-11-14,Q3 2017,CALL_TRANSCRIPT,call-transcripts,call-transcripts/2017-11-14__hd-us-20171114-call-qna__1478098.md,36897,false,true,true,true
Home Depot,HD,2017-12-06,"FY 2017, FY 2018, FY 2020",CALL_TRANSCRIPT,call-transcripts,call-transcripts/2017-12-06__hd-us-20171206-call-pres-2__1477918.md,106918,false,true,true,true
Home Depot,HD,2017-12-06,FY 2017,CALL_TRANSCRIPT,call-transcripts,call-transcripts/2017-12-06__hd-us-20171206-call-pres__437701.md,186966,false,true,true,true
Home Depot,HD,2017-12-06,FY 2017,CALL_TRANSCRIPT,call-transcripts,call-transcripts/2017-12-06__hd-us-20171206-call-qna__1477919.md,50483,false,true,true,true
Home Depot,HD,2018-02-20,FY 2017,CALL_TRANSCRIPT,call-transcripts,call-transcripts/2018-02-20__hd-us-20180220-call-pres-3__1477390.md,22049,false,true,true,true
Home Depot,HD,2018-02-20,Q4 2017,CALL_TRANSCRIPT,call-transcripts,call-transcripts/2018-02-20__hd-us-20180220-call-qna__1477395.md,30059,false,true,true,true
Home Depot,HD,2018-05-15,Q1 2018,CALL_TRANSCRIPT,call-transcripts,call-transcripts/2018-05-15__hd-us-20180515-call-pres-2__1035981.md,18108,false,true,true,true
Home Depot,HD,2018-05-15,Q1 2018,CALL_TRANSCRIPT,call-transcripts,call-transcripts/2018-05-15__hd-us-20180515-call-qna__1035982.md,40075,false,true,true,true
Home Depot,HD,2018-05-17,FY 2018,CALL_TRANSCRIPT,call-transcripts,call-transcripts/2018-05-17__hd-us-20180517-call-agm-pres-2__1475381.md,25736,false,true,true,true
Home Depot,HD,2018-05-17,FY 2017,CALL_TRANSCRIPT,call-transcripts,call-transcripts/2018-05-17__hd-us-20180517-call-agm-pres__437695.md,53650,false,true,true,true
Home Depot,HD,2018-05-17,FY 2018,CALL_TRANSCRIPT,call-transcripts,call-transcripts/2018-05-17__hd-us-20180517-call-agm-qna__1475388.md,30320,false,true,true,true
Home Depot,HD,2018-08-14,Q2 2018,CALL_TRANSCRIPT,call-transcripts,call-transcripts/2018-08-14__hd-us-20180814-call-pres-2__1470677.md,19198,false,true,true,true
Home Depot,HD,2018-08-14,Q2 2018,CALL_TRANSCRIPT,call-transcripts,call-transcripts/2018-08-14__hd-us-20180814-call-qna__1470684.md,36432,false,true,true,true
Home Depot,HD,2018-11-13,Q3 2018,CALL_TRANSCRIPT,call-transcripts,call-transcripts/2018-11-13__hd-us-20181113-call-pres-2__1442825.md,19237,false,true,true,true
Home Depot,HD,2018-11-13,Q3 2019,CALL_TRANSCRIPT,call-transcripts,call-transcripts/2018-11-13__hd-us-20181113-call-qna__1442826.md,34334,false,true,true,true
Home Depot,HD,2019-02-26,FY 2018,CALL_TRANSCRIPT,call-transcripts,call-transcripts/2019-02-26__hd-us-20190226-call-pres-2__1407778.md,27579,false,true,true,true
Home Depot,HD,2019-02-26,FY 2018,CALL_TRANSCRIPT,call-transcripts,call-transcripts/2019-02-26__hd-us-20190226-call-qna__1407779.md,25395,false,true,true,true
Home Depot,HD,2019-05-21,Q1 2019,CALL_TRANSCRIPT,call-transcripts,call-transcripts/2019-05-21__hd-us-20190521-call-pres-2__1384062.md,22221,false,true,true,true
Home Depot,HD,2019-05-21,Q1 2019,CALL_TRANSCRIPT,call-transcripts,call-transcripts/2019-05-21__hd-us-20190521-call-qna__1384065.md,32006,false,true,true,true
Home Depot,HD,2019-05-23,FY 2018,CALL_TRANSCRIPT,call-transcripts,call-transcripts/2019-05-23__hd-us-20190523-call-agm-pres-2__1383893.md,26073,false,true,true,true
Home Depot,HD,2019-05-23,FY 2018,CALL_TRANSCRIPT,call-transcripts,call-transcripts/2019-05-23__hd-us-20190523-call-agm-pres__437685.md,45893,false,true,true,true
Home Depot,HD,2019-05-23,Q2 2020,CALL_TRANSCRIPT,call-transcripts,call-transcripts/2019-05-23__hd-us-20190523-call-agm-qna__1383896.md,20666,false,false,true,true
Home Depot,HD,2019-08-20,Q2 2019,CALL_TRANSCRIPT,call-transcripts,call-transcripts/2019-08-20__hd-us-20190820-call-pres-2__1373105.md,21108,false,true,true,true
Home Depot,HD,2019-08-20,Q2 2019,CALL_TRANSCRIPT,call-transcripts,call-transcripts/2019-08-20__hd-us-20190820-call-qna__1373109.md,35146,false,true,true,true
Home Depot,HD,2019-11-19,Q3 2019,CALL_TRANSCRIPT,call-transcripts,call-transcripts/2019-11-19__hd-us-20191119-call-pres-2__1350991.md,18425,false,true,true,true
Home Depot,HD,2019-11-19,Q3 2019,CALL_TRANSCRIPT,call-transcripts,call-transcripts/2019-11-19__hd-us-20191119-call-qna__1350993.md,31801,false,true,true,true
Home Depot,HD,2019-12-11,FY 2020,CALL_TRANSCRIPT,call-transcripts,call-transcripts/2019-12-11__hd-us-20191211-call-pres-2__1341973.md,24980,false,true,true,true
Home Depot,HD,2019-12-11,FY 2020,CALL_TRANSCRIPT,call-transcripts,call-transcripts/2019-12-11__hd-us-20191211-call-pres__437680.md,97940,false,true,true,true
Home Depot,HD,2019-12-11,FY 2020,CALL_TRANSCRIPT,call-transcripts,call-transcripts/2019-12-11__hd-us-20191211-call-qna__1341978.md,72573,false,true,true,true
Home Depot,HD,2020-02-25,FY 2019,CALL_TRANSCRIPT,call-transcripts,call-transcripts/2020-02-25__hd-us-20200225-call-pres-2__1304186.md,22221,false,true,true,true
Home Depot,HD,2020-02-25,Q4 2020,CALL_TRANSCRIPT,call-transcripts,call-transcripts/2020-02-25__hd-us-20200225-call-qna__1304192.md,31079,false,true,true,true
Home Depot,HD,2020-05-19,Q1 2020,CALL_TRANSCRIPT,call-transcripts,call-transcripts/2020-05-19__hd-us-20200519-call-pres-2__1143385.md,25970,false,true,true,true
Home Depot,HD,2020-05-19,Q1 2020,CALL_TRANSCRIPT,call-transcripts,call-transcripts/2020-05-19__hd-us-20200519-call-qna__1143386.md,25569,false,true,true,true
Home Depot,HD,2020-05-21,Q1 2020,CALL_TRANSCRIPT,call-transcripts,call-transcripts/2020-05-21__hd-us-20200521-call-agm-pres-2__1143169.md,34566,false,true,true,true
Home Depot,HD,2020-05-21,Q1 2020,CALL_TRANSCRIPT,call-transcripts,call-transcripts/2020-05-21__hd-us-20200521-call-agm-pres__437672.md,49725,false,true,true,true
Home Depot,HD,2020-05-21,FY 2020,CALL_TRANSCRIPT,call-transcripts,call-transcripts/2020-05-21__hd-us-20200521-call-agm-qna__1143174.md,15826,false,false,true,true
Home Depot,HD,2020-08-17,Q2 2020,CALL_TRANSCRIPT,call-transcripts,call-transcripts/2020-08-17__hd-us-20200817-call-pres__38067.md,21981,false,true,true,true
Home Depot,HD,2020-08-17,Q2 2020,CALL_TRANSCRIPT,call-transcripts,call-transcripts/2020-08-17__hd-us-20200817-call-qna__38083.md,27910,false,true,true,true
Home Depot,HD,2020-11-17,Q3 2020,CALL_TRANSCRIPT,call-transcripts,call-transcripts/2020-11-17__hd-us-20201117-call-pres__38085.md,24814,false,true,true,true
Home Depot,HD,2020-11-17,Q3 2020,CALL_TRANSCRIPT,call-transcripts,call-transcripts/2020-11-17__hd-us-20201117-call-qna__38099.md,28963,false,true,true,true
Home Depot,HD,2021-02-23,FY 2020,CALL_TRANSCRIPT,call-transcripts,call-transcripts/2021-02-23__hd-us-20210223-call-pres__38066.md,30164,false,true,true,true
Home Depot,HD,2021-02-23,FY 2020,CALL_TRANSCRIPT,call-transcripts,call-transcripts/2021-02-23__hd-us-20210223-call-qna__38081.md,24673,false,true,true,true
Home Depot,HD,2021-05-18,Q1 2021,CALL_TRANSCRIPT,call-transcripts,call-transcripts/2021-05-18__hd-us-20210518-call-pres__38040.md,18548,false,true,true,true
Home Depot,HD,2021-05-18,Q1 2021,CALL_TRANSCRIPT,call-transcripts,call-transcripts/2021-05-18__hd-us-20210518-call-qna__38056.md,32244,false,true,true,true
Home Depot,HD,2021-05-20,Q1 2021,CALL_TRANSCRIPT,call-transcripts,call-transcripts/2021-05-20__hd-us-20210520-call-agm-pres__38068.md,28034,false,true,true,true
Home Depot,HD,2021-05-20,Q1 2021,CALL_TRANSCRIPT,call-transcripts,call-transcripts/2021-05-20__hd-us-20210520-call-agm-qna__38082.md,22862,false,true,true,true
Home Depot,HD,2021-08-17,Q2 2021,CALL_TRANSCRIPT,call-transcripts,call-transcripts/2021-08-17__hd-us-20210817-call-pres__38049.md,18511,false,true,true,true
Home Depot,HD,2021-08-17,Q2 2021,CALL_TRANSCRIPT,call-transcripts,call-transcripts/2021-08-17__hd-us-20210817-call-qna__38065.md,34838,false,true,true,true
Home Depot,HD,2021-09-09,FY 2020,CALL_TRANSCRIPT,call-transcripts,call-transcripts/2021-09-09__hd-us-20210909-call-pres__38054.md,15917,false,false,true,true
Home Depot,HD,2021-09-09,Q3 2022,CALL_TRANSCRIPT,call-transcripts,call-transcripts/2021-09-09__hd-us-20210909-call-qna__38073.md,24861,false,true,true,true
Home Depot,HD,2021-11-16,Q3 2021,CALL_TRANSCRIPT,call-transcripts,call-transcripts/2021-11-16__hd-us-20211116-call-pres__38052.md,17699,false,true,true,true
Home Depot,HD,2021-11-16,Q3 2021,CALL_TRANSCRIPT,call-transcripts,call-transcripts/2021-11-16__hd-us-20211116-call-qna__38071.md,37020,false,true,true,true
Home Depot,HD,2022-02-22,FY 2021,CALL_TRANSCRIPT,call-transcripts,call-transcripts/2022-02-22__hd-us-20220222-call-pres__38079.md,29430,false,true,true,true
Home Depot,HD,2022-02-22,FY 2022,CALL_TRANSCRIPT,call-transcripts,call-transcripts/2022-02-22__hd-us-20220222-call-qna__38096.md,47818,false,true,true,true
Home Depot,HD,2022-05-17,Q1 2022,CALL_TRANSCRIPT,call-transcripts,call-transcripts/2022-05-17__hd-us-20220517-call-pres__38089.md,19282,false,true,true,true
Home Depot,HD,2022-05-17,Q1 2022,CALL_TRANSCRIPT,call-transcripts,call-transcripts/2022-05-17__hd-us-20220517-call-qna__38105.md,34047,false,true,true,true
Home Depot,HD,2022-08-16,Q2 2022,CALL_TRANSCRIPT,call-transcripts,call-transcripts/2022-08-16__hd-us-20220816-call-pres__38058.md,16052,false,true,true,true
Home Depot,HD,2022-08-16,Q2 2022,CALL_TRANSCRIPT,call-transcripts,call-transcripts/2022-08-16__hd-us-20220816-call-qna__38078.md,39959,false,true,true,true
Home Depot,HD,2022-11-15,Q3 2022,CALL_TRANSCRIPT,call-transcripts,call-transcripts/2022-11-15__hd-us-20221115-call-pres__38094.md,17500,false,true,true,true
Home Depot,HD,2022-11-15,Q3 2022,CALL_TRANSCRIPT,call-transcripts,call-transcripts/2022-11-15__hd-us-20221115-call-qna__38112.md,38406,false,true,true,true
Home Depot,HD,2023-02-21,FY 2022,CALL_TRANSCRIPT,call-transcripts,call-transcripts/2023-02-21__hd-us-20230221-call-pres__38084.md,23744,false,true,true,true
Home Depot,HD,2023-02-21,Q4 2022,CALL_TRANSCRIPT,call-transcripts,call-transcripts/2023-02-21__hd-us-20230221-call-qna__38098.md,30987,false,true,true,true
Home Depot,HD,2023-03-30,Q1 2024,CALL_TRANSCRIPT,call-transcripts,call-transcripts/2023-03-30__hd-us-20230330-call-conf-pres__38093.md,1294,false,false,false,true
Home Depot,HD,2023-03-30,FY 2023,CALL_TRANSCRIPT,call-transcripts,call-transcripts/2023-03-30__hd-us-20230330-call-conf-qna__38109.md,42031,false,true,true,true
Home Depot,HD,2023-05-16,Q1 2023,CALL_TRANSCRIPT,call-transcripts,call-transcripts/2023-05-16__hd-us-20230516-call-pres__38053.md,20069,false,true,true,true
Home Depot,HD,2023-05-16,Q1 2023,CALL_TRANSCRIPT,call-transcripts,call-transcripts/2023-05-16__hd-us-20230516-call-qna__38069.md,35186,false,true,true,true
Home Depot,HD,2023-06-13,FY 2023,CALL_TRANSCRIPT,call-transcripts,call-transcripts/2023-06-13__hd-us-20230613-call-pres__38090.md,109480,false,true,true,true
Home Depot,HD,2023-06-13,FY 2023,CALL_TRANSCRIPT,call-transcripts,call-transcripts/2023-06-13__hd-us-20230613-call-qna__38110.md,66344,false,true,true,true
Home Depot,HD,2023-08-15,Q2 2023,CALL_TRANSCRIPT,call-transcripts,call-transcripts/2023-08-15__hd-us-20230815-call-pres__38041.md,19411,false,true,true,true
Home Depot,HD,2023-08-15,Q2 2023,CALL_TRANSCRIPT,call-transcripts,call-transcripts/2023-08-15__hd-us-20230815-call-qna__38061.md,36284,false,true,true,true
Home Depot,HD,2023-09-13,Q3 2024,CALL_TRANSCRIPT,call-transcripts,call-transcripts/2023-09-13__hd-us-20230913-call-conf-pres__38072.md,820,false,false,false,true
Home Depot,HD,2023-09-13,FY 2023 and FY 2024 Outlook,CALL_TRANSCRIPT,call-transcripts,call-transcripts/2023-09-13__hd-us-20230913-call-conf-qna__38088.md,27123,false,true,true,true
Home Depot,HD,2023-11-14,Q3 2023,CALL_TRANSCRIPT,call-transcripts,call-transcripts/2023-11-14__hd-us-20231114-call-pres__38051.md,19922,false,true,true,true
Home Depot,HD,2023-11-14,Q3 2023,CALL_TRANSCRIPT,call-transcripts,call-transcripts/2023-11-14__hd-us-20231114-call-qna__38070.md,34001,false,true,true,true
Home Depot,HD,2024-02-20,FY 2023,CALL_TRANSCRIPT,call-transcripts,call-transcripts/2024-02-20__hd-us-20240220-call-pres__38055.md,24910,false,true,true,true
Home Depot,HD,2024-02-20,Q4 2023,CALL_TRANSCRIPT,call-transcripts,call-transcripts/2024-02-20__hd-us-20240220-call-qna__38074.md,26204,false,true,true,true
Home Depot,HD,2024-03-28,FY 2024,CALL_TRANSCRIPT,call-transcripts,call-transcripts/2024-03-28__hd-us-20240328-call-pres__38075.md,11252,false,true,true,true
Home Depot,HD,2024-03-28,FY 2024 Outlook,CALL_TRANSCRIPT,call-transcripts,call-transcripts/2024-03-28__hd-us-20240328-call-qna__38091.md,32019,false,true,true,true
Home Depot,HD,2024-04-04,Q1 2025,CALL_TRANSCRIPT,call-transcripts,call-transcripts/2024-04-04__hd-us-20240404-call-conf-pres__38057.md,1295,false,false,false,true
Home Depot,HD,2024-04-04,FY 2024,CALL_TRANSCRIPT,call-transcripts,call-transcripts/2024-04-04__hd-us-20240404-call-conf-qna__38077.md,40774,false,true,true,true
Home Depot,HD,2024-05-14,Q1 2024,CALL_TRANSCRIPT,call-transcripts,call-transcripts/2024-05-14__hd-us-20240514-call-pres__38045.md,18579,false,true,true,true
Home Depot,HD,2024-05-14,Q1 2024,CALL_TRANSCRIPT,call-transcripts,call-transcripts/2024-05-14__hd-us-20240514-call-qna__38064.md,33432,false,true,true,true
Home Depot,HD,2024-08-13,Q2 2024,CALL_TRANSCRIPT,call-transcripts,call-transcripts/2024-08-13__hd-us-20240813-call-pres__38086.md,20909,false,true,true,true
Home Depot,HD,2024-08-13,Q2 2024,CALL_TRANSCRIPT,call-transcripts,call-transcripts/2024-08-13__hd-us-20240813-call-qna__38106.md,33878,false,true,true,true
Home Depot,HD,2024-09-04,H2 2024,CALL_TRANSCRIPT,call-transcripts,call-transcripts/2024-09-04__hd-us-20240904-call-conf-pres-3__437764.md,32277,false,true,true,true
Home Depot,HD,2024-11-12,Q3 2024,CALL_TRANSCRIPT,call-transcripts,call-transcripts/2024-11-12__hd-us-20241112-call-pres-2__38080.md,20501,false,true,true,true
Home Depot,HD,2024-11-12,Q3 2024,CALL_TRANSCRIPT,call-transcripts,call-transcripts/2024-11-12__hd-us-20241112-call-qna__38097.md,31794,false,true,true,true
Home Depot,HD,2025-02-25,"Q4 2024 and FY 2024, Outlook FY 2025",CALL_TRANSCRIPT,call-transcripts,call-transcripts/2025-02-25__hd-us-20250225-call-q4-pres__38092.md,23990,false,true,true,true
Home Depot,HD,2025-02-25,FY 2025,CALL_TRANSCRIPT,call-transcripts,call-transcripts/2025-02-25__hd-us-20250225-call-q4-qna__38111.md,28167,false,true,true,true
Home Depot,HD,2025-04-03,FY 2025,CALL_TRANSCRIPT,call-transcripts,call-transcripts/2025-04-03__hd-us-20250403-call-conf-pres-3__437749.md,36632,false,true,true,true
Home Depot,HD,2025-05-20,Q1 2025,CALL_TRANSCRIPT,call-transcripts,call-transcripts/2025-05-20__hd-us-20250520-call-q1-pres__38060.md,20300,false,true,true,true
Home Depot,HD,2025-05-20,Q1 2025,CALL_TRANSCRIPT,call-transcripts,call-transcripts/2025-05-20__hd-us-20250520-call-q1-qna__38076.md,31178,false,true,true,true
Home Depot,HD,2025-05-20,Q1 2025,CALL_TRANSCRIPT,call-transcripts,call-transcripts/2025-05-20__hd-us-20250520-call__134516.md,48097,false,true,true,true
Home Depot,HD,2025-08-19,Q2 2025,CALL_TRANSCRIPT,call-transcripts,call-transcripts/2025-08-19__hd-us-20250819-call-pres__143686.md,20506,false,true,true,true
Home Depot,HD,2025-08-19,Q2 2025,CALL_TRANSCRIPT,call-transcripts,call-transcripts/2025-08-19__hd-us-20250819-call-qna__143687.md,32213,false,true,true,true
Home Depot,HD,2025-09-03,Q2 2025,CALL_TRANSCRIPT,call-transcripts,call-transcripts/2025-09-03__hd-us-20250903-call-conf-pres-2__437752.md,26763,false,true,true,true
Home Depot,HD,2025-09-04,Q3 2026,CALL_TRANSCRIPT,call-transcripts,call-transcripts/2025-09-04__hd-us-20250904-call-conf-pres__144641.md,874,false,false,false,true
Home Depot,HD,2025-09-04,Q2 2025,CALL_TRANSCRIPT,call-transcripts,call-transcripts/2025-09-04__hd-us-20250904-call-conf-qna__144639.md,26829,false,true,true,true
Home Depot,HD,2025-11-18,Q3 2025,CALL_TRANSCRIPT,call-transcripts,call-transcripts/2025-11-18__hd-us-20251118-call-pres__1565276.md,17636,false,true,true,true
Home Depot,HD,2025-11-18,Q3 2025,CALL_TRANSCRIPT,call-transcripts,call-transcripts/2025-11-18__hd-us-20251118-call-qna__1565277.md,33066,false,true,true,true
Home Depot,HD,2025-12-09,"FY 2025, FY 2026 Outlook",CALL_TRANSCRIPT,call-transcripts,call-transcripts/2025-12-09__hd-us-20251209-call-pres-3__1570134.md,97847,false,true,true,true
Home Depot,HD,2025-12-09,FY 2025 and FY 2026 outlook,CALL_TRANSCRIPT,call-transcripts,call-transcripts/2025-12-09__hd-us-20251209-call-qna__1570136.md,73670,false,true,true,true
Home Depot,HD,2025-12-10,FY 2025,CALL_TRANSCRIPT,call-transcripts,call-transcripts/2025-12-10__hd-us-20251210-call-pres__384495.md,170687,false,true,true,true
Home Depot,HD,2026-02-24,Q4 2025,CALL_TRANSCRIPT,call-transcripts,call-transcripts/2026-02-24__hd-us-20260224-call-pres__629730.md,20715,false,true,true,true
Home Depot,HD,2026-02-24,Q4 2026,CALL_TRANSCRIPT,call-transcripts,call-transcripts/2026-02-24__hd-us-20260224-call-qna__629737.md,31998,false,true,true,true
Home Depot,HD,2026-04-09,Q1 2027,CALL_TRANSCRIPT,call-transcripts,call-transcripts/2026-04-09__hd-us-20260409-call-conf-pres__906255.md,1305,false,false,false,true
Home Depot,HD,2026-04-09,Q1 2027,CALL_TRANSCRIPT,call-transcripts,call-transcripts/2026-04-09__hd-us-20260409-call-conf-qna__906256.md,36589,false,true,true,true
Home Depot,HD,2026-05-19,Q1 2026,CALL_TRANSCRIPT,call-transcripts,call-transcripts/2026-05-19__hd-us-20260519-call-pres__1039117.md,19219,false,true,true,true
Home Depot,HD,2026-05-19,Q1 2027,CALL_TRANSCRIPT,call-transcripts,call-transcripts/2026-05-19__hd-us-20260519-call-qna__1039119.md,36162,false,true,true,true
Home Depot,HD,2026-05-21,FY 2025,CALL_TRANSCRIPT,call-transcripts,call-transcripts/2026-05-21__hd-us-20260521-call-agm-pres__1042691.md,38200,false,true,true,true
Home Depot,HD,2026-05-21,Q2 2027,CALL_TRANSCRIPT,call-transcripts,call-transcripts/2026-05-21__hd-us-20260521-call-agm-qna__1042692.md,7384,false,true,true,true
Home Depot,HD,2015-02-24,FY 2014,FILING,filings,filings/2015-02-24__hd-us-20150224-q4-10k__437577.md,282963,true,true,true,true
Home Depot,HD,2015-02-24,FY 2014,FILING,filings,filings/2015-02-24__hd-us-20150224-q4-8k__437618.md,20577,true,true,true,true
Home Depot,HD,2015-03-26,FY 2014,FILING,filings,filings/2015-03-26__hd-us-20150326-fy-10k__778728.md,255093,true,true,true,true
Home Depot,HD,2015-04-06,FY 2014,FILING,filings,filings/2015-04-06__hd-us-20150406-filing__437669.md,309778,true,true,true,true
Home Depot,HD,2015-05-19,Q1 2015,FILING,filings,filings/2015-05-19__hd-us-20150519-q1-10q__437643.md,75016,true,true,true,true
Home Depot,HD,2015-05-19,Q1 2015,FILING,filings,filings/2015-05-19__hd-us-20150519-q1-8k__437617.md,27298,true,true,true,true
Home Depot,HD,2015-08-18,Q2 2015,FILING,filings,filings/2015-08-18__hd-us-20150818-q2-10q__437645.md,91402,true,true,true,true
Home Depot,HD,2015-08-18,Q2 2015,FILING,filings,filings/2015-08-18__hd-us-20150818-q2-8k__437615.md,20857,true,true,true,true
Home Depot,HD,2015-11-17,Q3 2015,FILING,filings,filings/2015-11-17__hd-us-20151117-q3-10q__437636.md,100926,true,true,true,true
Home Depot,HD,2015-11-17,Q3 2015 and FY 2015 Guidance,FILING,filings,filings/2015-11-17__hd-us-20151117-q3-8k__437613.md,19092,true,true,true,true
Home Depot,HD,2016-02-23,FY 2015,FILING,filings,filings/2016-02-23__hd-us-20160223-q4-10k__437576.md,305318,true,true,true,true
Home Depot,HD,2016-02-23,FY 2015,FILING,filings,filings/2016-02-23__hd-us-20160223-q4-8k__437611.md,19916,true,true,true,true
Home Depot,HD,2016-03-24,FY 2015,FILING,filings,filings/2016-03-24__hd-us-20160324-fy-10k__778689.md,273431,true,true,true,true
Home Depot,HD,2016-04-04,FY 2015,FILING,filings,filings/2016-04-04__hd-us-20160404-filing__437667.md,290432,true,true,true,true
Home Depot,HD,2016-05-17,Q1 2016,FILING,filings,filings/2016-05-17__hd-us-20160517-q1-10q__437642.md,70428,true,true,true,true
Home Depot,HD,2016-05-17,Q1 2016,FILING,filings,filings/2016-05-17__hd-us-20160517-q1-8k__437610.md,13652,true,true,true,true
Home Depot,HD,2016-08-16,Q2 2016,FILING,filings,filings/2016-08-16__hd-us-20160816-q2-10q__437635.md,80890,true,true,true,true
Home Depot,HD,2016-08-16,Q2 2016,FILING,filings,filings/2016-08-16__hd-us-20160816-q2-8k__437608.md,15113,true,true,true,true
Home Depot,HD,2016-11-15,Q3 2016,FILING,filings,filings/2016-11-15__hd-us-20161115-q3-10q__437647.md,85249,true,true,true,true
Home Depot,HD,2016-11-15,Q3 2016,FILING,filings,filings/2016-11-15__hd-us-20161115-q3-8k__437607.md,15324,true,true,true,true
Home Depot,HD,2017-02-21,FY 2016,FILING,filings,filings/2017-02-21__hd-us-20170221-q4-10k__437574.md,292420,true,true,true,true
Home Depot,HD,2017-02-21,FY 2016,FILING,filings,filings/2017-02-21__hd-us-20170221-q4-8k__437606.md,16188,true,true,true,true
Home Depot,HD,2017-03-23,FY 2016,FILING,filings,filings/2017-03-23__hd-us-20170323-fy-10k__778688.md,261224,true,true,true,true
Home Depot,HD,2017-04-03,FY 2016,FILING,filings,filings/2017-04-03__hd-us-20170403-filing__437665.md,326181,true,true,true,true
Home Depot,HD,2017-05-16,Q1 2017,FILING,filings,filings/2017-05-16__hd-us-20170516-q1-10q__437632.md,58968,true,true,true,true
Home Depot,HD,2017-05-16,Q1 2017,FILING,filings,filings/2017-05-16__hd-us-20170516-q1-8k__437605.md,12908,true,true,true,true
Home Depot,HD,2017-08-15,Q2 2017,FILING,filings,filings/2017-08-15__hd-us-20170815-q2-10q__437640.md,69636,true,true,true,true
Home Depot,HD,2017-08-15,Q2 2017,FILING,filings,filings/2017-08-15__hd-us-20170815-q2-8k__437602.md,14589,true,true,true,true
Home Depot,HD,2017-11-14,Q3 2017,FILING,filings,filings/2017-11-14__hd-us-20171114-q3-10q__437638.md,72989,true,true,true,true
Home Depot,HD,2017-11-14,Q3 2017,FILING,filings,filings/2017-11-14__hd-us-20171114-q3-8k__437600.md,15688,true,true,true,true
Home Depot,HD,2018-02-20,FY 2017,FILING,filings,filings/2018-02-20__hd-us-20180220-q4-10k__437572.md,278135,true,true,true,true
Home Depot,HD,2018-02-20,FY 2017,FILING,filings,filings/2018-02-20__hd-us-20180220-q4-8k__437599.md,16878,true,true,true,true
Home Depot,HD,2018-03-22,FY 2017,FILING,filings,filings/2018-03-22__hd-us-20180322-fy-10k__778687.md,250532,true,true,true,true
Home Depot,HD,2018-04-02,FY 2018,FILING,filings,filings/2018-04-02__hd-us-20180402-filing__437658.md,328296,true,true,true,true
Home Depot,HD,2018-05-15,Q1 2018,FILING,filings,filings/2018-05-15__hd-us-20180515-q1-10q__437628.md,67316,true,true,true,true
Home Depot,HD,2018-05-15,Q1 2018,FILING,filings,filings/2018-05-15__hd-us-20180515-q1-8k__437594.md,25463,true,true,true,true
Home Depot,HD,2018-08-14,Q2 2018,FILING,filings,filings/2018-08-14__hd-us-20180814-q2-10q__437634.md,79778,true,true,true,true
Home Depot,HD,2018-08-14,Q2 2018,FILING,filings,filings/2018-08-14__hd-us-20180814-q2-8k__437595.md,25261,true,true,true,true
Home Depot,HD,2018-11-13,Q3 2018,FILING,filings,filings/2018-11-13__hd-us-20181113-q3-10q__437630.md,81268,true,true,true,true
Home Depot,HD,2018-11-13,Q3 2018,FILING,filings,filings/2018-11-13__hd-us-20181113-q3-8k__437591.md,22119,true,true,true,true
Home Depot,HD,2019-02-26,FY 2018,FILING,filings,filings/2019-02-26__hd-us-20190226-q4-10k__437570.md,295322,true,true,true,true
Home Depot,HD,2019-02-26,FY 2018,FILING,filings,filings/2019-02-26__hd-us-20190226-q4-8k__437590.md,24445,true,true,true,true
Home Depot,HD,2019-03-28,FY 2019,FILING,filings,filings/2019-03-28__hd-us-20190328-fy-10k__778686.md,267103,true,true,true,true
Home Depot,HD,2019-04-08,FY 2018,FILING,filings,filings/2019-04-08__hd-us-20190408-filing__437663.md,351217,true,true,true,true
Home Depot,HD,2019-05-21,Q1 2019,FILING,filings,filings/2019-05-21__hd-us-20190521-q1-10q__437621.md,74754,true,true,true,true
Home Depot,HD,2019-05-21,Q1 2019,FILING,filings,filings/2019-05-21__hd-us-20190521-q1-8k__437587.md,13657,true,true,true,true
Home Depot,HD,2019-08-20,Q2 2019,FILING,filings,filings/2019-08-20__hd-us-20190820-q2-10q__437627.md,90223,true,true,true,true
Home Depot,HD,2019-08-20,Q2 2019,FILING,filings,filings/2019-08-20__hd-us-20190820-q2-8k__437585.md,15357,true,true,true,true
Home Depot,HD,2019-11-19,Q3 2019,FILING,filings,filings/2019-11-19__hd-us-20191119-q3-10q__437624.md,91844,true,true,true,true
Home Depot,HD,2019-11-19,Q3 2019,FILING,filings,filings/2019-11-19__hd-us-20191119-q3-8k__437584.md,15277,true,true,true,true
Home Depot,HD,2019-12-11,FY 2020,FILING,filings,filings/2019-12-11__hd-us-20191211-fy-8k__437582.md,4518,false,true,false,true
Home Depot,HD,2020-02-25,FY 2019,FILING,filings,filings/2020-02-25__hd-us-20200225-q4-10k__437568.md,312550,true,true,true,true
Home Depot,HD,2020-02-25,FY 2019,FILING,filings,filings/2020-02-25__hd-us-20200225-q4-8k__437581.md,17165,true,true,true,true
Home Depot,HD,2020-03-25,FY 2019,FILING,filings,filings/2020-03-25__hd-us-20200325-fy-10k__778726.md,285501,true,true,true,true
Home Depot,HD,2020-04-06,FY 2019,FILING,filings,filings/2020-04-06__hd-us-20200406-filing__437661.md,390890,true,true,true,true
Home Depot,HD,2020-04-21,FY 2020,FILING,filings,filings/2020-04-21__hd-us-20200421-filing__437657.md,11632,false,false,true,true
Home Depot,HD,2020-05-19,Q1 2020,FILING,filings,filings/2020-05-19__hd-us-20200519-q1-10q__437622.md,98079,true,true,true,true
Home Depot,HD,2020-05-19,Q1 2020,FILING,filings,filings/2020-05-19__hd-us-20200519-q1-8k__437579.md,16128,true,true,true,true
Home Depot,HD,2020-08-17,H1 2020,FILING,filings,filings/2020-08-17__hd-us-20200817-q2-10q__101839.md,121084,true,true,true,true
Home Depot,HD,2020-08-17,Q2 2020,FILING,filings,filings/2020-08-17__hd-us-20200817-q2-8k__101842.md,16158,true,true,true,true
Home Depot,HD,2020-11-17,Q3 2020,FILING,filings,filings/2020-11-17__hd-us-20201117-q3-10q__101837.md,121958,true,true,true,true
Home Depot,HD,2020-11-17,Q3 2020,FILING,filings,filings/2020-11-17__hd-us-20201117-q3-8k__101838.md,16137,true,true,true,true
Home Depot,HD,2021-02-23,FY 2020,FILING,filings,filings/2021-02-23__hd-us-20210223-q4-10k__101817.md,350427,true,true,true,true
Home Depot,HD,2021-02-23,FY 2020,FILING,filings,filings/2021-02-23__hd-us-20210223-q4-8k__101835.md,16651,true,true,true,true
Home Depot,HD,2021-03-24,FY 2020,FILING,filings,filings/2021-03-24__hd-us-20210324-fy-10k__778674.md,317185,true,true,true,true
Home Depot,HD,2021-04-05,FY 2020,FILING,filings,filings/2021-04-05__hd-us-20210405-filing__437659.md,385524,true,true,true,true
Home Depot,HD,2021-05-18,Q1 2021,FILING,filings,filings/2021-05-18__hd-us-20210518-q1-10q__101836.md,71269,true,true,true,true
Home Depot,HD,2021-05-18,Q1 2021,FILING,filings,filings/2021-05-18__hd-us-20210518-q1-8k__101823.md,14650,true,true,true,true
Home Depot,HD,2021-08-17,Q2 2021,FILING,filings,filings/2021-08-17__hd-us-20210817-q2-10q__101831.md,85973,true,true,true,true
Home Depot,HD,2021-08-17,Q2 2021,FILING,filings,filings/2021-08-17__hd-us-20210817-q2-8k__101848.md,15801,true,true,true,true
Home Depot,HD,2021-11-16,Q3 2021,FILING,filings,filings/2021-11-16__hd-us-20211116-q3-10q__101833.md,90565,true,true,true,true
Home Depot,HD,2021-11-16,Q3 2021,FILING,filings,filings/2021-11-16__hd-us-20211116-q3-8k__101850.md,16304,true,true,true,true
Home Depot,HD,2022-02-22,FY 2022,FILING,filings,filings/2022-02-22__hd-us-20220222-q4-10k__101834.md,332990,true,true,true,true
Home Depot,HD,2022-02-22,FY 2021,FILING,filings,filings/2022-02-22__hd-us-20220222-q4-8k__101852.md,16673,true,true,true,true
Home Depot,HD,2022-03-23,FY 2021,FILING,filings,filings/2022-03-23__hd-us-20220323-fy-10k__778666.md,301863,true,true,true,true
Home Depot,HD,2022-04-04,FY 2021,FILING,filings,filings/2022-04-04__hd-us-20220404-filing__437656.md,490561,true,true,true,true
Home Depot,HD,2022-05-17,Q1 2022,FILING,filings,filings/2022-05-17__hd-us-20220517-q1-10q__101822.md,76477,true,true,true,true
Home Depot,HD,2022-05-17,Q1 2022,FILING,filings,filings/2022-05-17__hd-us-20220517-q1-8k__101820.md,14204,true,true,true,true
Home Depot,HD,2022-08-16,Q2 2022,FILING,filings,filings/2022-08-16__hd-us-20220816-q2-10q__101824.md,90356,true,true,true,true
Home Depot,HD,2022-08-16,Q2 2022,FILING,filings,filings/2022-08-16__hd-us-20220816-q2-8k__101829.md,15547,true,true,true,true
Home Depot,HD,2022-11-15,Q3 2022,FILING,filings,filings/2022-11-15__hd-us-20221115-q3-10q__101826.md,93686,true,true,true,true
Home Depot,HD,2022-11-15,Q3 2022,FILING,filings,filings/2022-11-15__hd-us-20221115-q3-8k__101843.md,15417,true,true,true,true
Home Depot,HD,2023-02-21,FY 2022,FILING,filings,filings/2023-02-21__hd-us-20230221-q4-10k__132163.md,330217,true,true,true,true
Home Depot,HD,2023-02-21,FY 2022,FILING,filings,filings/2023-02-21__hd-us-20230221-q4-8k__101845.md,18515,true,true,true,true
Home Depot,HD,2023-03-15,FY 2022,FILING,filings,filings/2023-03-15__hd-us-20230315-fy-10k__778722.md,304846,true,true,true,true
Home Depot,HD,2023-04-03,FY 2022,FILING,filings,filings/2023-04-03__hd-us-20230403-filing__437654.md,426724,true,true,true,true
Home Depot,HD,2023-05-16,Q1 2023,FILING,filings,filings/2023-05-16__hd-us-20230516-q1-10q__101841.md,81889,true,true,true,true
Home Depot,HD,2023-05-16,Q1 2023,FILING,filings,filings/2023-05-16__hd-us-20230516-q1-8k__101818.md,15172,true,true,true,true
Home Depot,HD,2023-06-13,FY 2023,FILING,filings,filings/2023-06-13__hd-us-20230613-fy-8k__101819.md,9516,false,true,true,true
Home Depot,HD,2023-08-15,Q2 2023,FILING,filings,filings/2023-08-15__hd-us-20230815-q2-10q__101816.md,97000,true,true,true,true
Home Depot,HD,2023-08-15,Q2 2023,FILING,filings,filings/2023-08-15__hd-us-20230815-q2-8k__101814.md,15776,true,true,true,true
Home Depot,HD,2023-11-14,Q3 2023,FILING,filings,filings/2023-11-14__hd-us-20231114-q3-10q__101828.md,98425,true,true,true,true
Home Depot,HD,2023-11-14,Q3 2023,FILING,filings,filings/2023-11-14__hd-us-20231114-q3-8k__101815.md,15848,true,true,true,true
Home Depot,HD,2024-02-20,FY 2023,FILING,filings,filings/2024-02-20__hd-us-20240220-q4-10k__132173.md,341169,true,true,true,true
Home Depot,HD,2024-02-20,FY 2023,FILING,filings,filings/2024-02-20__hd-us-20240220-q4-8k__101851.md,16532,true,true,true,true
Home Depot,HD,2024-03-13,FY 2023,FILING,filings,filings/2024-03-13__hd-us-20240313-fy-10k__778665.md,315790,true,true,true,true
Home Depot,HD,2024-03-28,FY 2024,FILING,filings,filings/2024-03-28__hd-us-20240328-fy-8k__101840.md,13989,false,true,true,true
Home Depot,HD,2024-04-01,FY 2023,FILING,filings,filings/2024-04-01__hd-us-20240401-filing__437653.md,439627,true,true,true,true
Home Depot,HD,2024-05-14,Q1 2024,FILING,filings,filings/2024-05-14__hd-us-20240514-q1-10q__101821.md,89827,true,true,true,true
Home Depot,HD,2024-05-14,Q1 2024,FILING,filings,filings/2024-05-14__hd-us-20240514-q1-8k__101830.md,14460,true,true,true,true
Home Depot,HD,2024-08-13,Q2 2024,FILING,filings,filings/2024-08-13__hd-us-20240813-q2-10q__101825.md,131687,true,true,true,true
Home Depot,HD,2024-08-13,Q2 2024,FILING,filings,filings/2024-08-13__hd-us-20240813-q2-8k__101849.md,21825,true,true,true,true
Home Depot,HD,2024-11-12,Q3 2024,FILING,filings,filings/2024-11-12__hd-us-20241112-q3-10q__101846.md,133100,true,true,true,true
Home Depot,HD,2024-11-12,Q3 2024,FILING,filings,filings/2024-11-12__hd-us-20241112-q3-8k__101844.md,20657,true,true,true,true
Home Depot,HD,2025-02-25,FY 2025,FILING,filings,filings/2025-02-25__hd-us-20250225-q4-10k__132164.md,370980,true,true,true,true
Home Depot,HD,2025-02-25,FY 2024,FILING,filings,filings/2025-02-25__hd-us-20250225-q4-8k__101827.md,22032,true,true,true,true
Home Depot,HD,2025-03-20,FY 2025,FILING,filings,filings/2025-03-20__hd-us-20250320-fy-10k__778723.md,343330,true,true,true,true
Home Depot,HD,2025-04-07,FY 2025,FILING,filings,filings/2025-04-07__hd-us-20250407-filing-2__437651.md,406324,true,true,true,true
Home Depot,HD,2025-04-07,Q1 2026,FILING,filings,filings/2025-04-07__hd-us-20250407-filing__437650.md,2136,false,false,false,true
Home Depot,HD,2025-05-20,Q1 2025,FILING,filings,filings/2025-05-20__hd-us-20250520-q1-10q__101832.md,159438,true,true,true,true
Home Depot,HD,2025-05-20,Q1 2025,FILING,filings,filings/2025-05-20__hd-us-20250520-q1-8k__101847.md,19151,true,true,true,true
Home Depot,HD,2025-08-19,Q2 2025 and H1 2025,FILING,filings,filings/2025-08-19__hd-us-20250819-q2-10q__148871.md,132883,true,true,true,true
Home Depot,HD,2025-08-19,Q2 2025,FILING,filings,filings/2025-08-19__hd-us-20250819-q2-8k__143666.md,20751,true,true,true,true
Home Depot,HD,2025-08-20,Q2 2025,FILING,filings,filings/2025-08-20__hd-us-20250820-q2-8k__143688.md,20605,true,true,true,true
Home Depot,HD,2025-08-25,Q2 and H1 2025,FILING,filings,filings/2025-08-25__hd-us-20250825-q2-10q__144029.md,94588,true,true,true,true
Home Depot,HD,2025-11-18,Q3 2025,FILING,filings,filings/2025-11-18__hd-us-20251118-q3-10q__437649.md,133792,true,true,true,true
Home Depot,HD,2025-11-18,Q3 2025,FILING,filings,filings/2025-11-18__hd-us-20251118-q3-8k__359994.md,21821,true,true,true,true
Home Depot,HD,2026-02-24,FY 2025,FILING,filings,filings/2026-02-24__hd-us-20260224-q4-10k__940544.md,529095,true,true,true,true
Home Depot,HD,2026-02-24,FY 2025,FILING,filings,filings/2026-02-24__hd-us-20260224-q4-8k-2__904387.md,383469,true,true,true,true
Home Depot,HD,2026-02-24,Q4 2025,FILING,filings,filings/2026-02-24__hd-us-20260224-q4-8k__615609.md,22517,true,true,true,true
Home Depot,HD,2026-03-18,FY 2025,FILING,filings,filings/2026-03-18__hd-us-20260318-fy-10k__828355.md,349130,true,true,true,true
Home Depot,HD,2026-03-23,FY 2025,FILING,filings,filings/2026-03-23__hd-us-20260323-filing__865729.md,503983,true,true,true,true
Home Depot,HD,2026-04-07,FY 2025,FILING,filings,filings/2026-04-07__hd-us-20260407-filing-2__904279.md,504683,true,true,true,true
Home Depot,HD,2026-04-07,FY 2026,FILING,filings,filings/2026-04-07__hd-us-20260407-filing__904273.md,5995,true,false,false,true
Home Depot,HD,2026-05-19,Q1 2026,FILING,filings,filings/2026-05-19__hd-us-20260519-q1-10q__1053121.md,106617,true,true,true,true
Home Depot,HD,2026-05-19,Q1 2026,FILING,filings,filings/2026-05-19__hd-us-20260519-q1-8k-2__1038586.md,19014,true,true,true,true
Home Depot,HD,2026-05-19,Q1 2026,FILING,filings,filings/2026-05-19__hd-us-20260519-q1-8k__1038584.md,23803,true,true,true,true
Home Depot,HD,2015-05-21,FY 2014,SLIDE,slides,slides/2015-05-21__hd-us-20150521-slide__437786.md,27937,false,true,true,true
Home Depot,HD,2015-12-08,FY 2015,SLIDE,slides,slides/2015-12-08__hd-us-20151208-slide-2__1551724.md,207233,true,true,true,true
Home Depot,HD,2015-12-08,FY 2015,SLIDE,slides,slides/2015-12-08__hd-us-20151208-slide__437784.md,217546,true,true,true,true
Home Depot,HD,2016-05-19,FY 2015,SLIDE,slides,slides/2016-05-19__hd-us-20160519-slide__437781.md,27697,false,true,true,true
Home Depot,HD,2017-05-18,FY 2016,SLIDE,slides,slides/2017-05-18__hd-us-20170518-slide__437779.md,31753,false,true,true,true
Home Depot,HD,2017-12-06,FY 2017,SLIDE,slides,slides/2017-12-06__hd-us-20171206-slide__437776.md,211211,true,true,true,true
Home Depot,HD,2018-05-17,FY 2017,SLIDE,slides,slides/2018-05-17__hd-us-20180517-slide__437774.md,38418,false,true,true,true
Home Depot,HD,2019-05-23,FY 2018,SLIDE,slides,slides/2019-05-23__hd-us-20190523-slide__437772.md,42842,false,true,true,true
Home Depot,HD,2019-12-11,"FY 2019, FY 2020",SLIDE,slides,slides/2019-12-11__hd-us-20191211-slide__437771.md,67217,false,true,true,true
Home Depot,HD,2020-05-21,Q1 2020,SLIDE,slides,slides/2020-05-21__hd-us-20200521-slide__437769.md,33209,false,true,true,true
Home Depot,HD,2021-05-20,FY 2020 and Q1 2021,SLIDE,slides,slides/2021-05-20__hd-us-20210520-slide__38087.md,31737,false,true,true,true
Home Depot,HD,2021-09-09,FY 2020,SLIDE,slides,slides/2021-09-09__hd-us-20210909-slide__38047.md,62991,false,false,true,true
Home Depot,HD,2022-08-16,Q2 FY 2022,SLIDE,slides,slides/2022-08-16__hd-us-20220816-slide__38059.md,6064,true,false,false,true
Home Depot,HD,2023-06-13,FY 2023,SLIDE,slides,slides/2023-06-13__hd-us-20230613-slide__38044.md,274321,true,true,true,true
Home Depot,HD,2024-03-28,FY 2024,SLIDE,slides,slides/2024-03-28__hd-us-20240328-slide__38048.md,35073,true,true,true,true
Home Depot,HD,2025-12-09,FY 2025,SLIDE,slides,slides/2025-12-09__hd-us-20251209-slide__384215.md,179392,true,true,true,true
